id,rowOrder,objid,ra,dec,size,color
Table1,0,1237657584942448656,22.44975,-0.9670311,3.653007,0.876564
Table2,1,1237660750333018120,66.41811,22.68158,2.970274,1.751915
Table3,2,1237660750333018135,66.30076,22.69592,1.177263,1.693142
Table4,3,1237678578742263828,329.0103,19.38479,8.297217,0.6844349
Table5,4,1237678578742263829,329.0137,19.3826,1.762261,0.6294098
Table6,5,1237678578742263831,329.0113,19.38709,6.763253,0.5277748
Table7,6,1237678578742263834,329.0131,19.37917,2.969794,1.563931
Table8,7,1237667725359906846,82.8351,9.545008,2.969573,6.609474
Table9,8,1237667725359906862,82.89687,9.526192,4.213082,0.6091967
Table10,9,1237678578742263838,329.0214,19.37541,3.801406,0.9959278
Table11,10,1237669516361269302,344.2996,5.77934,2.262458,1.715242
Table12,11,1237669516361269303,344.3035,5.775888,0.9222953,1.401485
Table13,12,1237669516361269304,344.3039,5.771187,18.01715,2.103441
Table14,13,1237669516361269306,344.3071,5.77669,1.134546,-0.2038136
Table15,14,1237669516361269307,344.308,5.771681,0.9237516,2.279268
Table16,15,1237669516361269322,344.3108,5.897086,2.969604,0.974577
Table17,16,1237680263996112902,350.3333,-6.94614,2.969391,-0.3537388
Table18,17,1237680263996112903,350.3331,-6.95273,2.969391,1.391146
Table19,18,1237669516361269265,344.2408,5.890269,1.400473,-0.3392715
Table20,19,1237666209236910100,249.8422,28.57459,4.087662,0.7551346
Table21,20,1237666209236910104,249.8616,28.59062,1.817997,3.669914
Table22,21,1237650004324843565,326.0392,-1.279606,3.089188,4.864647
Table23,22,1237674893660323861,304.2865,29.82024,1.53214,1.691032
Table24,23,1237679433440755772,350.8731,-3.481863,1.79708,0.9089241
Table25,24,1237679433440755777,350.8899,-3.484791,1.681913,1.590057
Table26,25,1237679433440755780,350.8616,-3.512493,1.593211,2.42226
Table27,26,1237679433440755785,350.8761,-3.488972,2.048734,2.209612
Table28,27,1237666300525019164,340.463,-0.1129131,7.358108,2.144939
Table29,28,1237666300525019165,340.4605,-0.1176079,1.516642,0.4926472
Table30,29,1237666300525019168,340.4749,-0.04996363,4.137795,0.3755264
Table31,30,1237666300525019173,340.4823,-0.05547804,2.969528,2.486738
Table32,31,1237663228529737741,245.3415,75.46455,5.639373,1.051529
Table33,32,1237663228529737742,245.3513,75.46775,2.222245,1.01293
Table34,33,1237663228529737743,245.3353,75.46752,1.571521,1.286386
Table35,34,1237663228529737747,245.4303,75.46382,4.63689,1.77866
Table36,35,1237663228529737752,245.2677,75.54369,3.950105,1.526247
Table37,36,1237660191987597332,310.3284,-1.156783,2.969748,1.407093
Table38,37,1237660191987597339,310.3291,-1.198183,1.738983,1.365406
Table39,38,1237663889954111492,20.2556,-1.155053,2.969953,2.2661
Table40,39,1237663889954111496,20.26192,-1.065922,2.230763,1.443201
Table41,40,1237663889954111497,20.26149,-1.063469,2.901321,1.398735
Table42,41,1237663889954111499,20.25971,-1.067932,2.387214,0.6832352
Table43,42,1237663889954111501,20.26173,-1.056255,1.635829,2.266483
Table44,43,1237666209236910106,249.8563,28.58493,2.969805,0.3123493
Table45,44,1237666209236910113,249.8627,28.59994,2.969805,-0.3242416
Table46,45,1237666209236910116,249.8346,28.57409,2.341067,0.1548576
Table47,46,1237666209236910119,249.8739,28.62511,1.853896,1.845112
Table48,47,1237666209236910120,249.8495,28.55595,1.247528,3.340919
Table49,48,1237666209236910121,249.875,28.59066,1.580453,1.027502
Table50,49,1237666209236910122,249.8364,28.5714,1.526767,2.014214
Table51,50,1237666209236910126,249.8832,28.60133,1.421814,1.211895
Table52,51,1237666209236910127,249.8788,28.62789,1.437398,1.08672
Table53,52,1237660750333018146,66.24847,22.69875,2.970274,8.544697
Table54,53,1237660750333018152,66.24211,22.70048,2.970274,0.8747787
Table55,54,1237660750333018154,66.24141,22.70345,2.970274,0.7791443
Table56,55,1237660750333018156,66.24862,22.7105,2.970274,2.204193
Table57,56,1237660750333018164,66.36962,22.70555,19.04908,0.8948374
Table58,57,1237667205668864053,71.23267,56.80701,2.969822,-3.4065
Table59,58,1237667205668864063,71.23413,56.80389,2.969822,0.6271
Table60,59,1237667205668864071,71.10666,56.88459,2.969822,0.9699421
Table61,60,1237674893660323865,304.2801,29.82264,1.6431,1.537004
Table62,61,1237659234211528716,253.9587,-0.9656595,9.535809,0.996563
Table63,62,1237659234211528724,253.9545,-0.9592959,2.084385,3.93454
Table64,63,1237668647170080777,176.3652,20.80719,9.747451,0.8525553
Table65,64,1237668647170080779,176.3704,20.81852,3.066415,1.866018
Table66,65,1237668647170080780,176.373,20.80462,1.568877,1.601145
Table67,66,1237668647170080781,176.37,20.81633,2.970294,1.008709
Table68,67,1237668647170080784,176.3546,20.80597,2.970294,0.5491905
Table69,68,1237668647170080785,176.3738,20.80737,1.808847,0.6459236
Table70,69,1237668647170080786,176.3691,20.81482,1.500415,1.10054
Table71,70,1237668647170080789,176.3517,20.81185,1.646544,0.5666656
Table72,71,1237668647170080792,176.3758,20.80493,1.367555,0.824316
Table73,72,1237666492704292892,327.5522,-0.8760787,2.00621,0.6778469
Table74,73,1237666492704292912,327.6088,-0.8495578,7.739082,0.5787086
Table75,74,1237663889954111538,20.30759,-1.11449,5.213332,0.5573997
Table76,75,1237663889954111539,20.30256,-1.125914,4.457989,0.5281792
Table77,76,1237663889954111541,20.30281,-1.106974,2.462237,0.4588509
Table78,77,1237663889954111548,20.31009,-1.113366,2.969953,-2.510162
Table79,78,1237663889954111551,20.30064,-1.119017,1.578699,-0.1436462
Table80,79,1237680263996112950,350.4406,-7.032416,1.522076,1.731642
Table81,80,1237680263996112951,350.4332,-7.030925,2.969391,0.6826668
Table82,81,1237680263996112952,350.4377,-7.041907,2.969391,-0.2114353
Table83,82,1237656850502713354,343.4368,-0.8798372,2.090945,0.9001522
Table84,83,1237656850502713355,343.437,-0.8887734,1.812405,1.810858
Table85,84,1237656850502713356,343.4375,-0.8903301,18.01773,4.015177
Table86,85,1237673708786221078,121.0721,-9.337672,1.612523,0.8661404
Table87,86,1237673708786221081,121.077,-9.337509,2.970314,1.742386
Table88,87,1237661351628439558,164.4109,54.63027,2.96993,0.3330956
Table89,88,1237661351628439559,164.4097,54.62724,2.96993,2.356794
Table90,89,1237661351628439569,164.487,54.5108,1.994958,0.2762871
Table91,90,1237654187634196551,172.6374,-1.083073,7.358911,3.943859
Table92,91,1237679433440755727,350.8556,-3.476404,1.818625,1.451958
Table93,92,1237679433440755729,350.8889,-3.497245,1.87843,1.602884
Table94,93,1237679433440755734,350.8792,-3.479206,5.140607,1.218504
Table95,94,1237679433440755736,350.8509,-3.499975,258.4144,2.915569
Table96,95,1237671066844463143,22.17138,38.17725,6.320961,0.7628956
Table97,96,1237671066844463144,22.16468,38.18018,10.36281,1.802841
Table98,97,1237671066844463146,22.16751,38.17451,1.452664,2.188608
Table99,98,1237671066844463147,22.16858,38.1813,1.201432,2.291681
Table100,99,1237671066844463149,22.16011,38.1788,2.969993,1.127537
Table101,100,1237667725359906891,82.92384,9.52348,3.095625,6.045826
Table102,101,1237667725359906895,82.92804,9.517893,2.969573,11.49104
Table103,102,1237667725359906898,82.91972,9.513517,24.83768,7.350462
Table104,103,1237667725359906904,82.91753,9.51242,35.55331,13.09896
Table105,104,1237662695954513926,216.5052,31.915,1.839001,0.6159782
Table106,105,1237662695954513927,216.4985,31.91235,1.201728,0.5886822
Table107,106,1237662695954513929,216.5034,31.91303,1.950153,1.468019
Table108,107,1237662695954513930,216.504,31.91069,2.969882,-0.4698849
Table109,108,1237662695954513931,216.4949,31.91377,2.969882,1.093693
Table110,109,1237663889954111530,20.30178,-1.203406,2.468209,0.4281082
Table111,110,1237667205668864036,71.32439,56.73136,2.126538,0.7991791
Table112,111,1237650004324843570,326.0449,-1.270493,3.69817,1.180323
Table113,112,1237666492704292940,327.624,-1.038263,14.25416,6.799377
Table114,113,1237666492704292951,327.6422,-0.8605271,2.969547,0.5299835
Table115,114,1237666492704292952,327.6489,-0.8538148,1.884759,1.753136
Table116,115,1237662305648050182,201.5575,40.46191,0.9854335,2.182604
Table117,116,1237662305648050183,201.5534,40.45745,3.317097,0.6724987
Table118,117,1237662305648050193,201.6689,40.63419,0.9350037,-0.3468781
Table119,118,1237662305648050194,201.6691,40.63204,2.97,-0.2934971
Table120,119,1237665427552403468,193.4635,28.80398,27.92624,2.457222
Table121,120,1237665427552403476,193.4692,28.74205,7.360389,2.074539
Table122,121,1237665427552403477,193.4676,28.73814,0.6218763,-0.004085541
Table123,122,1237666492704292882,327.5449,-0.914982,27.91776,0.9204979
Table124,123,1237666492704292887,327.5447,-0.9430941,4.786242,1.853239
Table125,124,1237669516361269278,344.2578,5.802454,2.199682,8.026119
Table126,125,1237669516361269279,344.2574,5.802549,2.604433,10.8837
Table127,126,1237669516361269280,344.2565,5.802614,2.969604,-2.95776
Table128,127,1237669516361269285,344.2642,5.884832,1.097736,0.5899277
Table129,128,1237669516361269286,344.2628,5.883395,7.358296,0.8694172
Table130,129,1237669516361269293,344.2828,5.84623,7.358296,2.295382
Table131,130,1237666300525019146,340.4116,-0.09934232,1.27179,1.802767
Table132,131,1237666300525019150,340.4219,-0.005032484,11.30462,6.745695
Table133,132,1237654187634196489,172.5927,-1.058946,5.817585,0.4793005
Table134,133,1237654187634196501,172.6071,-1.119316,5.41451,0.7099743
Table135,134,1237652929198555159,308.9855,-6.855884,3.97577,-3.151129
Table136,135,1237668330950754312,211.9888,14.78965,3.250003,1.33526
Table137,136,1237668330950754319,211.9973,14.81177,1.26156,0.9654312
Table138,137,1237668330950754320,211.9933,14.81383,1.929485,1.256723
Table139,138,1237654187634196507,172.6024,-1.060443,6.703959,1.34668
Table140,139,1237654187634196516,172.6046,-1.075529,2.296615,2.701071
Table141,140,1237667725359906871,82.9012,9.528708,1.351547,2.462399
Table142,141,1237667725359906882,82.78822,9.513535,0.09437238,1.03013
Table143,142,1237667725359906883,82.7981,9.511757,25.58196,1.547256
Table144,143,1237646798131757068,107.8973,0.8415992,1.528785,0.8063536
Table145,144,1237661957218828296,193.5959,51.05582,1.730322,1.160044
Table146,145,1237661957218828300,193.6092,50.93796,4.464711,1.554436
Table147,146,1237661957218828307,193.6596,50.92919,0.5401837,-0.04805756
Table148,147,1237661957218828311,193.7037,51.06959,1.871984,1.416231
Table149,148,1237664972285870083,232.579,24.2525,3.949882,0.9608746
Table150,149,1237664972285870087,232.5821,24.25123,2.795774,1.090998
Table151,150,1237664972285870098,232.5528,24.17869,7.359538,1.934978
Table152,151,1237666492704292932,327.625,-0.8405058,2.599969,1.215525
Table153,152,1237678578742263861,329.035,19.41526,2.969794,0.321331
Table154,153,1237645876861272071,336.4396,-0.8372055,17.07205,0.3164454
Table155,154,1237645876861272078,336.4398,-0.8427505,2.969025,0.2861099
Table156,155,1237679433440755737,350.849,-3.498118,1.655343,1.556904
Table157,156,1237679433440755742,350.892,-3.504973,1.603551,1.019072
Table158,157,1237679433440755744,350.8572,-3.486548,1.838822,4.832697
Table159,158,1237679433440755751,350.8839,-3.508194,1.19302,1.773458
Table160,159,1237679433440755752,350.8934,-3.513014,1.025662,1.21426
Table161,160,1237679433440755755,350.8525,-3.526023,1.669732,0.739502
Table162,161,1237666209236910131,249.8461,28.6088,1.421066,1.145689
Table163,162,1237666209236910139,249.8813,28.61751,1.627224,0.293066
Table164,163,1237666209236910149,249.8895,28.60227,1.708337,0.5018406
Table165,164,1237666209236910150,249.8555,28.62467,5.780053,2.551178
Table166,165,1237660750333018176,66.36263,22.69939,2.970274,-0.8877239
Table167,166,1237660750333018178,66.36708,22.71293,2.970274,0.4120407
Table168,167,1237651494678495245,112.553,33.8773,10.30824,0.6117029
Table169,168,1237651494678495251,112.5543,33.87726,9.572809,0.5555286
Table170,169,1237671930132889612,158.3752,8.084247,1.418245,2.233986
Table171,170,1237671930132889624,158.4053,8.000542,1.497,0.5653801
Table172,171,1237667725359906823,82.96871,9.562451,1.185276,1.446333
Table173,172,1237667725359906825,82.80048,9.549903,1.943913,0.7198
Table174,173,1237667725359906835,82.93981,9.548121,2.969573,0.6829815
Table175,174,1237667725359906841,82.75705,9.546963,1.428294,0.2234211
Table176,175,1237680263996112932,350.3936,-6.905255,1.623842,1.471527
Table177,176,1237680263996112936,350.4006,-6.903674,2.969391,-0.4853611
Table178,177,1237680263996112943,350.4279,-7.022682,2.969391,0.980875
Table179,178,1237671066844463156,22.36045,38.15427,1.245064,0.7348633
Table180,179,1237671066844463170,22.1711,38.19226,1.698899,2.704857
Table181,180,1237671066844463178,22.23051,38.19476,1.399592,-0.435957
Table182,181,1237663889954111565,20.30752,-1.124403,2.969953,0.2463474
Table183,182,1237671066844463179,22.22514,38.19264,1.4331,1.614244
Table184,183,1237671066844463180,22.2241,38.19196,1.075011,3.660568
Table185,184,1237671066844463184,22.23137,38.20016,2.969993,1.091965
Table186,185,1237671066844463187,22.2328,38.201,2.969993,-0.6206646
Table187,186,1237671066844463188,22.22485,38.19987,2.969993,-1.867258
Table188,187,1237671066844463202,22.3438,38.19152,1.474773,1.335089
Table189,188,1237666209236910206,249.8817,28.6933,1.705389,1.53084
Table190,189,1237666209236910207,249.8792,28.70514,1.632777,1.801775
Table191,190,1237666209236910208,249.8994,28.70175,1.538766,2.264771
Table192,191,1237666209236910209,249.8901,28.70785,1.610668,1.25841
Table193,192,1237666209236910212,249.8954,28.69981,1.558053,0.5963764
Table194,193,1237666209236910213,249.8991,28.69929,1.242802,1.863186
Table195,194,1237666209236910215,249.9059,28.69784,1.317153,3.004297
Table196,195,1237666209236910216,249.8845,28.69682,1.411442,1.47263
Table197,196,1237666209236910217,249.9093,28.69213,1.317707,1.708593
Table198,197,1237666209236910218,249.8737,28.69889,0.9582072,1.43907
Table199,198,1237666209236910219,249.9075,28.67457,1.644128,0.6935425
Table200,199,1237666209236910220,249.8931,28.68859,1.528569,1.949003
Table201,200,1237666209236910221,249.9147,28.68572,1.286162,1.255978
Table202,201,1237666209236910223,249.8875,28.71031,1.674905,0.5922318
Table203,202,1237666209236910224,249.9112,28.70277,1.769649,0.6990452
Table204,203,1237666209236910225,249.9122,28.69309,1.560024,1.295712
Table205,204,1237666209236910227,249.8795,28.69396,1.393135,1.853558
Table206,205,1237666209236910228,249.8838,28.68037,1.146469,1.951242
Table207,206,1237663228529737756,245.6188,75.40924,3.63676,1.171186
Table208,207,1237663228529737761,245.3036,75.56184,1.623947,1.269308
Table209,208,1237663228529737762,245.284,75.56455,2.969824,1.820793
Table210,209,1237663228529737768,245.6384,75.43337,1.66807,1.649345
Table211,210,1237663228529737769,245.655,75.4288,2.969824,-0.3309669
Table212,211,1237663228529737771,245.6686,75.43805,2.969824,-0.6533966
Table213,212,1237663228529737776,245.5634,75.4677,0.705871,-0.6974316
Table214,213,1237663228529737777,245.5721,75.47283,1.83932,4.04022
Table215,214,1237678578742263946,329.0813,19.45782,1.628581,0.8911209
Table216,215,1237678578742263948,329.0708,19.453,1.381456,0.7618122
Table217,216,1237671066844463233,22.27147,38.23233,1.017107,0.6992912
Table218,217,1237671066844463234,22.27869,38.22629,1.003751,1.528992
Table219,218,1237671066844463235,22.27143,38.23055,0.7333208,1.255217
Table220,219,1237671066844463237,22.27919,38.22869,1.223034,1.001741
Table221,220,1237671066844463239,22.2803,38.23636,2.969993,0.6379299
Table222,221,1237671066844463241,22.27406,38.22836,2.969993,0.6208706
Table223,222,1237662305648050227,201.5654,40.55741,1.265332,0.2596779
Table224,223,1237662305648050231,201.5573,40.51183,2.283085,1.755951
Table225,224,1237662305648050235,201.5526,40.46949,1.853166,0.40798
Table226,225,1237662305648050242,201.6053,40.63029,1.578504,0.730938
Table227,226,1237662305648050247,201.6,40.62442,0.9928232,0.5783901
Table228,227,1237662305648050248,201.6002,40.62582,1.69598,0.3273716
Table229,228,1237667725359906935,82.88406,9.548076,5.463662,1.268936
Table230,229,1237679433440755811,350.8709,-3.62934,3.509984,0.7215767
Table231,230,1237669516361269347,344.3854,5.962418,1.81678,1.088577
Table232,231,1237669516361269351,344.384,5.963601,1.0845,0.7355576
Table233,232,1237669516361269352,344.3825,5.970031,1.572403,1.392027
Table234,233,1237669516361269354,344.3847,5.974036,2.969604,1.389217
Table235,234,1237669516361269356,344.3842,5.967154,1.657018,0.6246967
Table236,235,1237669516361269359,344.3853,5.965137,2.969604,1.043095
Table237,236,1237654187634196583,172.7126,-0.9757556,1.58699,0.3704128
Table238,237,1237654187634196586,172.7176,-0.9759995,1.492614,4.681795
Table239,238,1237654187634196588,172.7022,-0.9938185,1.632405,5.185709
Table240,239,1237654187634196591,172.7022,-0.981854,1.838779,0.426054
Table241,240,1237654187634196596,172.6925,-0.9675438,1.385671,4.727127
Table242,241,1237654187634196597,172.7163,-1.028057,1.676052,2.977947
Table243,242,1237654187634196598,172.7132,-0.9958878,1.16258,0.7935715
Table244,243,1237654187634196603,172.7244,-0.9956094,2.969852,1.235859
Table245,244,1237654187634196606,172.7263,-1.020829,1.342972,1.873905
Table246,245,1237663889954111629,20.32852,-1.103527,3.549921,0.6455898
Table247,246,1237663889954111630,20.32649,-1.101001,1.795705,1.246107
Table248,247,1237663889954111631,20.32165,-1.102306,7.35916,1.501537
Table249,248,1237663889954111632,20.32066,-1.102272,2.316958,0.5860062
Table250,249,1237663889954111633,20.3227,-1.103676,1.486229,1.210882
Table251,250,1237654187634196611,172.719,-0.9628213,1.110093,1.668583
Table252,251,1237654187634196612,172.711,-1.023645,1.680832,2.006779
Table253,252,1237654187634196613,172.7008,-0.972619,1.017221,3.128723
Table254,253,1237654187634196616,172.7073,-1.004714,2.969852,0.6167011
Table255,254,1237654187634196630,172.7011,-1.010387,1.497146,5.154682
Table256,255,1237666209236910190,249.8652,28.67773,11.6309,1.32506
Table257,256,1237666209236910191,249.9069,28.67933,5.304811,1.122221
Table258,257,1237666209236910193,249.9177,28.68569,4.324909,1.518719
Table259,258,1237666209236910195,249.9003,28.67288,4.681679,1.64168
Table260,259,1237666209236910197,249.9155,28.67822,1.533615,3.310413
Table261,260,1237666209236910200,249.9022,28.68423,1.806921,1.253862
Table262,261,1237666209236910201,249.8702,28.6754,7.358793,0.7032757
Table263,262,1237666209236910204,249.9149,28.70558,1.431357,1.443012
Table264,263,1237666300525019234,340.4164,-0.1266814,0.4986076,1.181429
Table265,264,1237666300525019240,340.4252,-0.136934,3.419758,0.8766785
Table266,265,1237666300525019255,340.43,-0.01924267,3.272386,0.224287
Table267,266,1237663228529737788,245.6893,75.43694,2.380912,1.454103
Table268,267,1237663228529737793,245.5287,75.5332,2.969824,0.5690022
Table269,268,1237663228529737796,245.5017,75.53309,2.969824,-1.214914
Table270,269,1237663480321605708,308.3236,0.9984875,0.8029177,1.071255
Table271,270,1237678578742263982,329.1114,19.42604,1.93891,0.8136921
Table272,271,1237678578742263983,329.1082,19.42819,1.454126,1.363621
Table273,272,1237678578742263996,329.0925,19.45903,1.591473,1.818605
Table274,273,1237678578742263998,329.0951,19.44899,2.969794,1.794636
Table275,274,1237660750333018248,66.26571,22.74954,1.258095,1.265633
Table276,275,1237660750333018252,66.35065,22.7583,3.655178,2.089422
Table277,276,1237659234211528752,253.9725,-1.152511,6.4528,1.162572
Table278,277,1237667205668864164,71.24179,56.82261,3.797836,1.820829
Table279,278,1237667725359907014,82.87287,9.511867,68.29762,0.2393684
Table280,279,1237663480321605677,308.3132,0.9867222,2.969788,0.6266422
Table281,280,1237658222745288761,82.73078,0.7731265,3.408539,1.062046
Table282,281,1237661351628439641,164.429,54.56955,2.666879,1.605612
Table283,282,1237661351628439648,164.4888,54.52385,3.096369,0.376379
Table284,283,1237669516361269323,344.3091,5.89945,1.978229,0.7556877
Table285,284,1237669516361269324,344.3142,5.898013,1.497464,2.485189
Table286,285,1237669516361269342,344.3692,5.786407,1.811194,0.5625629
Table287,286,1237669516361269343,344.3712,5.784343,0.8054717,1.540882
Table288,287,1237654187634196576,172.7209,-0.964922,4.070584,1.083179
Table289,288,1237654187634196579,172.7053,-0.9884076,2.969852,5.160576
Table290,289,1237654187634196580,172.7071,-1.023609,4.137365,0.6501064
Table291,290,1237671066844463210,22.26659,38.21476,1.495245,0.6463089
Table292,291,1237660750333018275,66.28691,22.77148,2.970274,-0.6895695
Table293,292,1237660750333018280,66.40868,22.77563,2.205866,2.037209
Table294,293,1237660750333018284,66.2468,22.77698,1.280802,0.4886818
Table295,294,1237678578742263966,329.0739,19.52762,4.864856,0.6407585
Table296,295,1237678578742263975,329.1044,19.42234,10.79777,1.046515
Table297,296,1237678578742263976,329.1113,19.43075,3.859653,1.005606
Table298,297,1237663889954111637,20.33751,-1.059359,7.35916,0.1982574
Table299,298,1237663889954111642,20.34824,-1.217099,4.784045,0.7196846
Table300,299,1237663889954111646,20.35244,-1.114812,1.274583,0.8986301
Table301,300,1237678578742263888,329.0323,19.48762,2.070308,0.4870834
Table302,301,1237660750333018229,66.26855,22.73664,2.202362,1.044811
Table303,302,1237660750333018231,66.27153,22.73896,1.414777,1.964787
Table304,303,1237660750333018233,66.26086,22.73753,0.422006,-0.3803005
Table305,304,1237650004324843651,326.1126,-1.133789,2.646373,0.3218174
Table306,305,1237650004324843653,326.1068,-1.129456,1.55912,2.080175
Table307,306,1237650004324843655,326.1109,-1.132124,1.960769,1.782787
Table308,307,1237650004324843659,326.1088,-1.171389,27.92901,-0.01736069
Table309,308,1237661351628439580,164.5078,54.53946,2.102912,-0.03831291
Table310,309,1237674893660323916,304.1696,29.69659,1.515849,1.548876
Table311,310,1237674893660323927,304.1533,29.67374,11.30557,2.40114
Table312,311,1237674893660323932,304.1643,29.68174,1.454811,1.59943
Table313,312,1237658222745288786,82.74456,0.7474134,1.639685,4.093708
Table314,313,1237654866228281482,118.4403,-1.855776,3.126648,1.018454
Table315,314,1237654866228281484,118.4423,-1.863853,27.92255,0.09477997
Table316,315,1237654866228281485,118.4415,-1.857632,2.547127,1.410412
Table317,316,1237654866228281486,118.4402,-1.868811,1.604261,0.9990005
Table318,317,1237654866228281487,118.436,-1.863141,1.680189,1.573261
Table319,318,1237654866228281488,118.4459,-1.867562,2.387331,0.5822773
Table320,319,1237680263996112981,350.3632,-7.012299,3.88736,1.242676
Table321,320,1237658222745288749,82.72593,0.7243281,0.2092169,0.9242611
Table322,321,1237654866228281421,118.4176,-2.046426,27.92255,-0.5025539
Table323,322,1237654866228281422,118.4214,-2.047441,1.880787,1.521315
Table324,323,1237646798131757221,107.9122,0.8739299,2.96214,0.7413654
Table325,324,1237673708786221088,121.0004,-9.214005,2.970314,1.491817
Table326,325,1237673708786221093,120.9757,-9.166836,1.897417,0.4677544
Table327,326,1237666492704293040,327.5896,-0.8472005,4.270235,1.077995
Table328,327,1237666492704293044,327.5906,-0.8687887,2.125672,1.973959
Table329,328,1237666492704293058,327.6033,-0.897342,3.109426,1.039581
Table330,329,1237660750333018192,66.34772,22.70467,2.970274,0.801136
Table331,330,1237660750333018196,66.22972,22.70844,2.970274,2.147148
Table332,331,1237663480321605692,308.318,0.8446615,2.317276,1.103348
Table333,332,1237663480321605703,308.3197,0.9593212,4.889211,0.6874638
Table334,333,1237665427552403481,193.485,28.74329,7.166712,1.770611
Table335,334,1237665427552403482,193.4821,28.74433,2.576162,1.988428
Table336,335,1237665427552403483,193.4855,28.73949,1.447704,1.646231
Table337,336,1237665427552403485,193.4832,28.74486,1.18732,1.386391
Table338,337,1237665427552403496,193.512,28.85702,2.406372,0.6017246
Table339,338,1237665427552403498,193.514,28.85152,2.700506,1.205097
Table340,339,1237665427552403500,193.5148,28.8504,1.336294,1.743698
Table341,340,1237666300525019265,340.4337,-0.1230114,2.969528,0.2957954
Table342,341,1237666300525019278,340.4678,-0.1744876,1.95087,0.3041286
Table343,342,1237654866228281403,118.418,-1.867882,2.247067,2.728279
Table344,343,1237654866228281404,118.4191,-1.862158,1.944474,1.114611
Table345,344,1237666300525019186,340.4763,-0.1653533,1.4069,1.919022
Table346,345,1237666300525019202,340.5142,-0.1363174,1.025031,0.6960297
Table347,346,1237663889954111594,20.37424,-1.142074,2.886044,8.480175
Table348,347,1237663889954111595,20.37482,-1.141915,2.741059,1.289038
Table349,348,1237663889954111597,20.37796,-1.14375,2.969953,0.262413
Table350,349,1237663889954111605,20.25562,-1.056865,1.909588,0.6772003
Table351,350,1237650004324843672,326.1268,-1.257222,1.834218,1.337576
Table352,351,1237650004324843682,326.1349,-1.165554,16.07007,1.035383
Table353,352,1237650004324843686,326.1414,-1.163081,2.156898,2.522007
Table354,353,1237650004324843689,326.1388,-1.161756,1.888731,1.796207
Table355,354,1237661351628439603,164.5854,54.54105,2.045259,0.7121811
Table356,355,1237661351628439604,164.5901,54.54316,1.795783,0.2696266
Table357,356,1237661351628439619,164.6183,54.63057,2.975383,1.117292
Table358,357,1237661351628439620,164.6231,54.62069,13.17999,-0.1099014
Table359,358,1237661351628439621,164.6279,54.61941,2.96993,2.589041
Table360,359,1237661351628439622,164.6405,54.61843,1.757895,1.005322
Table361,360,1237660750333018292,66.32236,22.78183,20.09203,1.52745
Table362,361,1237660750333018293,66.31644,22.78185,1.091834,4.07024
Table363,362,1237660750333018294,66.31381,22.78189,1.088627,4.142624
Table364,363,1237660750333018298,66.31529,22.7808,2.970274,0.3123531
Table365,364,1237660750333018300,66.31907,22.77692,2.737789,2.326639
Table366,365,1237660750333018302,66.31647,22.77841,2.970274,0.8714237
Table367,366,1237660750333018303,66.31394,22.78268,1.008202,2.183464
Table368,367,1237660750333018304,66.31522,22.78659,2.970274,0.1534786
Table369,368,1237660750333018305,66.31831,22.77601,2.970274,9.136036
Table370,369,1237678845030236212,314.0245,5.127348,2.873663,0.5829601
Table371,370,1237678845030236221,314.0253,5.173757,1.608704,1.520733
Table372,371,1237667205668864079,71.21511,56.8164,1.359206,1.903435
Table373,372,1237680263996112997,350.3825,-7.041004,2.226548,1.278297
Table374,373,1237680263996112998,350.381,-7.041179,1.565378,2.472061
Table375,374,1237680263996113000,350.3836,-7.040415,1.20434,1.433455
Table376,375,1237680263996113001,350.3843,-7.043199,7.357767,2.502802
Table377,376,1237680263996113003,350.3867,-7.046413,1.328425,2.389141
Table378,377,1237680263996113008,350.3957,-6.973213,2.410408,0.826334
Table379,378,1237666209236910230,249.8745,28.67363,1.295849,1.220877
Table380,379,1237666209236910233,249.9048,28.68697,1.450352,0.977787
Table381,380,1237666209236910239,249.8979,28.67468,2.969805,1.909872
Table382,381,1237666209236910240,249.8818,28.69663,1.431782,1.508913
Table383,382,1237666209236910241,249.9038,28.67482,1.420846,1.662655
Table384,383,1237666209236910244,249.855,28.68831,1.710852,1.279116
Table385,384,1237666209236910252,249.8896,28.6789,1.5161,1.378849
Table386,385,1237666492704293017,327.5535,-1.04375,1.498168,1.022514
Table387,386,1237666492704293018,327.5553,-1.04357,11.30469,0.3868446
Table388,387,1237666492704293032,327.5793,-0.8483679,3.816295,1.113653
Table389,388,1237666492704293034,327.5825,-1.031497,5.903783,0.8056908
Table390,389,1237668330950754330,212.0236,14.77921,1.083481,1.109562
Table391,390,1237668330950754335,212.0078,14.6496,2.625221,0.5037727
Table392,391,1237668330950754341,212.0545,14.83274,1.234116,1.224379
Table393,392,1237668330950754343,212.0574,14.82383,2.969648,1.302752
Table394,393,1237668330950754345,212.047,14.82619,0.3916067,1.275799
Table395,394,1237668330950754346,212.0606,14.83129,2.969648,1.792946
Table396,395,1237668330950754347,212.0593,14.8316,0.5890217,0.3495426
Table397,396,1237668330950754349,212.0512,14.82957,2.969648,-0.2007294
Table398,397,1237680263996113046,350.4681,-6.992025,1.32909,1.440588
Table399,398,1237680263996113050,350.4701,-6.984924,2.969391,0.1219044
Table400,399,1237666492704292964,327.6602,-1.032461,2.746684,1.198496
Table401,400,1237667205668864103,71.13411,56.87841,1.488358,2.317699
Table402,401,1237666300525019215,340.5281,-0.03088741,18.01669,9.708382
Table403,402,1237662305648050208,201.707,40.43967,1.413351,0.2617798
Table404,403,1237662305648050218,201.5569,40.57363,2.97,0.5856285
Table405,404,1237662305648050219,201.5561,40.57023,2.97,0.3135319
Table406,405,1237662305648050220,201.5678,40.58348,2.896925,0.3327885
Table407,406,1237662305648050225,201.5682,40.55338,3.349791,1.158981
Table408,407,1237662305648050226,201.5672,40.55616,2.176798,0.6347656
Table409,408,1237678845030236202,314.0225,5.170242,1.532431,0.8307056
Table410,409,1237646798131757243,107.9167,0.8777213,27.91567,7.713274
Table411,410,1237646798131757244,107.9067,0.8665983,18.01545,0.5072994
Table412,411,1237646798131757248,107.9087,0.8659497,0.8239684,3.988918
Table413,412,1237646798131757254,107.9152,0.8683609,0.8842559,3.772131
Table414,413,1237666209236910258,249.8842,28.70157,1.561974,0.718195
Table415,414,1237666209236910265,249.92,28.69191,3.233292,2.279531
Table416,415,1237666209236910274,249.8936,28.70907,1.59398,0.9236908
Table417,416,1237651494678495271,112.4305,33.94522,0.5001173,-0.4080563
Table418,417,1237666492704293062,327.6029,-0.8785321,3.422642,1.038845
Table419,418,1237666492704293063,327.6017,-0.8794439,3.319025,0.8037243
Table420,419,1237666492704293070,327.6118,-1.022363,5.695125,0.7258854
Table421,420,1237666492704293074,327.611,-0.9044937,2.969547,-0.9151802
Table422,421,1237660750333018338,66.23193,22.79118,1.322555,3.130329
Table423,422,1237660750333018340,66.22887,22.79395,2.970274,-0.4427109
Table424,423,1237669516361269432,344.3887,5.79694,3.413689,1.032986
Table425,424,1237669516361269433,344.3895,5.796566,27.9183,0.3376484
Table426,425,1237669516361269434,344.3874,5.794385,0.955255,0.487484
Table427,426,1237669516361269435,344.3887,5.801562,18.01715,1.826475
Table428,427,1237669516361269438,344.3804,5.974533,1.743254,0.5681343
Table429,428,1237666492704293092,327.6325,-1.020697,5.940472,0.6845303
Table430,429,1237666492704293093,327.6303,-1.018136,1.647705,-0.09587097
Table431,430,1237666492704293101,327.6476,-1.010707,3.411706,0.9577713
Table432,431,1237663228529737853,245.9619,75.47295,18.01848,7.530796
Table433,432,1237663228529737871,245.1687,75.52878,2.983688,0.3742409
Table434,433,1237673708786221186,121.043,-9.234825,0.8102498,1.261
Table435,434,1237651494678495340,112.5679,33.92204,2.290589,0.8998756
Table436,435,1237657584942448670,22.48633,-0.9557657,1.626338,3.506271
Table437,436,1237657584942448683,22.53313,-0.9347374,2.969933,0.6664925
Table438,437,1237680263996113070,350.4825,-6.923713,11.3041,0.9176369
Table439,438,1237680263996113077,350.336,-6.86684,4.003037,0.7157536
Table440,439,1237680263996113078,350.3358,-6.866516,1.566565,2.044634
Table441,440,1237680263996113081,350.3511,-6.876338,5.239345,1.334549
Table442,441,1237680263996113085,350.3496,-7.024323,2.969391,3.82444
Table443,442,1237680263996113089,350.3626,-6.934946,1.233837,0.9165993
Table444,443,1237662305648050252,201.5956,40.54071,1.481862,0.6844673
Table445,444,1237662305648050253,201.615,40.60034,2.328329,0.7638874
Table446,445,1237662305648050257,201.6276,40.60526,2.478319,0.9867039
Table447,446,1237662305648050260,201.6408,40.63193,3.789494,0.8845596
Table448,447,1237662305648050261,201.6426,40.63002,1.083619,1.388018
Table449,448,1237662305648050262,201.6342,40.6301,2.190995,0.4372463
Table450,449,1237662305648050263,201.6359,40.63038,2.97,0.8531895
Table451,450,1237662305648050273,201.6072,40.47973,1.223822,1.388569
Table452,451,1237657584942448690,22.38919,-0.9370436,1.617541,0.8470173
Table453,452,1237657584942448700,22.39465,-0.9525229,2.750358,1.13817
Table454,453,1237651494678495317,112.4073,33.97662,1.533189,0.8517246
Table455,454,1237651494678495319,112.4071,33.97182,0.9954658,1.720461
Table456,455,1237661351628439673,164.4489,54.6392,2.96993,-0.2371521
Table457,456,1237661351628439674,164.438,54.65778,2.96993,-1.138264
Table458,457,1237661351628439675,164.4482,54.64902,2.96993,-2.319357
Table459,458,1237661351628439676,164.4445,54.64451,2.96993,-0.0666008
Table460,459,1237661351628439678,164.4501,54.64594,2.96993,-1.910765
Table461,460,1237661351628439679,164.4428,54.64538,0.680675,1.508915
Table462,461,1237661351628439680,164.4398,54.64798,2.96993,0.1464882
Table463,462,1237661351628439681,164.4428,54.65955,2.96993,-1.204205
Table464,463,1237661351628439682,164.4409,54.65828,2.96993,1.938183
Table465,464,1237661351628439683,164.4372,54.65611,2.96993,-1.222065
Table466,465,1237671066844463302,22.17314,38.29464,2.969993,0.1995678
Table467,466,1237671066844463312,22.26751,38.28569,1.177637,1.010475
Table468,467,1237671066844463314,22.27319,38.28798,2.969993,0.7098408
Table469,468,1237671066844463315,22.27191,38.28804,1.384461,2.741726
Table470,469,1237671066844463257,22.28783,38.23306,2.969993,-0.09415245
Table471,470,1237671066844463265,22.41104,38.22622,1.433968,2.693581
Table472,471,1237671066844463270,22.32275,38.23885,1.657847,1.287251
Table473,472,1237671066844463274,22.22509,38.25519,3.031272,0.671669
Table474,473,1237671066844463276,22.22703,38.25545,2.969993,-1.63134
Table475,474,1237671066844463288,22.16951,38.27176,1.544216,0.9211121
Table476,475,1237671066844463292,22.28372,38.27438,1.65303,1.541967
Table477,476,1237680263996113097,350.4209,-7.011815,3.74967,0.8157864
Table478,477,1237680263996113109,350.3698,-7.045306,2.499814,1.260481
Table479,478,1237674893660323994,304.2516,29.80107,19.31741,0.6572104
Table480,479,1237674893660324005,304.2562,29.79531,1.206458,2.793514
Table481,480,1237661957218828341,193.7573,50.93822,2.969937,-0.6897221
Table482,481,1237661957218828345,193.7907,51.10191,1.223528,0.5028896
Table483,482,1237661957218828357,193.6134,51.07671,2.686421,-0.03019333
Table484,483,1237661957218828360,193.599,50.97752,4.776428,1.0264
Table485,484,1237678845030236335,314.0826,5.094244,1.845567,4.67408
Table486,485,1237678845030236339,314.088,5.090126,1.034039,1.566339
Table487,486,1237678845030236350,314.0632,5.248788,2.969369,2.410858
Table488,487,1237668330950754358,212.0649,14.75185,0.8483864,1.20253
Table489,488,1237668330950754364,212.0649,14.7404,2.969648,0.07468796
Table490,489,1237668330950754365,212.0635,14.7439,0.05518219,-1.349621
Table491,490,1237667725359907017,82.87041,9.51777,1.865084,1.700703
Table492,491,1237667725359907023,82.87015,9.559275,7.358219,0.7189846
Table493,492,1237654187634196652,172.6987,-0.9884078,0.2950007,-1.665451
Table494,493,1237654187634196656,172.7298,-0.9711491,0.8006549,3.007978
Table495,494,1237654187634196662,172.6926,-1.03026,0.8926827,4.937998
Table496,495,1237666300525019365,340.4718,-0.06244423,3.149395,0.4358616
Table497,496,1237666300525019368,340.4719,-0.1904258,1.716613,1.541618
Table498,497,1237666300525019369,340.4706,-0.1894288,1.465627,1.891821
Table499,498,1237666300525019370,340.4751,-0.1933957,2.969528,1.15873
Table500,499,1237666300525019373,340.4835,-0.01207429,2.415257,1.040518
Table501,500,1237678845030236305,314.0647,5.154355,1.594496,1.976585
Table502,501,1237654866228281553,118.4517,-1.966274,2.970056,1.321833
Table503,502,1237667205668864225,71.28734,56.80126,14.74239,7.735027
Table504,503,1237667205668864236,71.27948,56.80227,2.969822,-0.4058361
Table505,504,1237666300525019316,340.5377,-0.1912256,4.916276,0.9552898
Table506,505,1237674893660323965,304.1618,29.68128,0.8412185,-0.3338566
Table507,506,1237645876861272115,336.4913,-0.8832242,4.139522,1.612844
Table508,507,1237645876861272127,336.531,-0.8536522,1.572091,2.943285
Table509,508,1237645876861272128,336.5302,-0.849898,1.545392,0.3671036
Table510,509,1237663228529737823,245.6564,75.54697,3.662158,1.689644
Table511,510,1237663889954111662,20.24545,-1.091902,4.005677,1.166286
Table512,511,1237663889954111663,20.25139,-1.206548,3.147103,1.091213
Table513,512,1237663889954111672,20.32154,-1.109992,3.403364,1.249189
Table514,513,1237663889954111675,20.35607,-1.180703,2.960285,0.7013512
Table515,514,1237663889954111680,20.35916,-1.127331,3.386769,0.4648647
Table516,515,1237663889954111684,20.39376,-1.132599,5.722356,0.9103451
Table517,516,1237666300525019336,340.412,-0.153225,1.773603,1.595366
Table518,517,1237666300525019337,340.411,-0.1112772,3.767258,0.9023666
Table519,518,1237666300525019341,340.4183,-0.01910648,4.672639,1.010536
Table520,519,1237666300525019343,340.4217,-0.2095404,5.360586,0.7473469
Table521,520,1237666209236910311,249.9587,28.71227,1.448777,1.160244
Table522,521,1237666209236910317,249.9331,28.54819,1.606571,0.8577824
Table523,522,1237666209236910326,249.9517,28.52473,1.619384,1.566496
Table524,523,1237660750333018363,66.34422,22.80124,11.86958,6.734196
Table525,524,1237660750333018364,66.35162,22.80206,2.867815,2.237032
Table526,525,1237660750333018378,66.32911,22.81082,7.359955,1.894733
Table527,526,1237657584942448727,22.4734,-1.022201,7.359112,3.183727
Table528,527,1237657584942448731,22.47471,-0.8636392,2.126017,2.741024
Table529,528,1237650004324843765,326.0267,-1.217138,2.502599,1.312513
Table530,529,1237650004324843766,326.0278,-1.219261,2.140956,0.4437294
Table531,530,1237660750333018312,66.31898,22.79332,2.970274,1.912066
Table532,531,1237660750333018313,66.30815,22.7819,1.187293,2.149279
Table533,532,1237650004324843731,326.0145,-1.118902,3.083416,1.524752
Table534,533,1237666209236910295,249.9018,28.61626,11.30568,1.071424
Table535,534,1237666209236910296,249.9072,28.61955,1.578054,2.208797
Table536,535,1237658222745288851,82.77269,0.700892,2.970363,0.3124676
Table537,536,1237658222745288853,82.77254,0.6849582,1.535491,1.638371
Table538,537,1237663480321605760,308.3421,1.000021,27.92002,0.9335346
Table539,538,1237663480321605761,308.336,1.003445,15.27419,1.225574
Table540,539,1237663480321605764,308.3416,1.004909,1.256292,0.8383751
Table541,540,1237667205668864197,71.15379,56.89739,2.969822,2.800177
Table542,541,1237667205668864201,71.13618,56.90516,1.274353,2.713367
Table543,542,1237667205668864203,71.13046,56.90577,1.426981,2.263514
Table544,543,1237667205668864206,71.14194,56.89733,2.969822,1.517073
Table545,544,1237667205668864208,71.13763,56.90369,2.969822,-1.234877
Table546,545,1237667205668864209,71.13831,56.89966,2.969822,0.5543747
Table547,546,1237667205668864216,71.17018,56.88268,1.35105,0.6124935
Table548,547,1237667725359907050,82.77039,9.51023,7.358219,0.668026
Table549,548,1237665427552403571,193.487,28.83134,4.74857,1.169605
Table550,549,1237665427552403572,193.4856,28.83298,1.347872,0.2592258
Table551,550,1237665427552403576,193.5025,28.794,3.943586,0.494812
Table552,551,1237665427552403577,193.5013,28.79093,2.970449,-0.1641903
Table553,552,1237665427552403524,193.5901,28.77628,1.322871,1.877609
Table554,553,1237665427552403530,193.581,28.77911,1.22728,2.452442
Table555,554,1237645876861272096,336.4478,-0.8717315,3.66453,1.735962
Table556,555,1237645876861272111,336.4882,-0.9491057,2.072708,0.6107674
Table557,556,1237667205668864171,71.21902,56.84184,0.7536079,0.9910107
Table558,557,1237667205668864174,71.22621,56.83681,2.969822,0.1737652
Table559,558,1237667205668864187,71.15092,56.90076,3.255258,-2.387051
Table560,559,1237661957218828317,193.7017,50.94812,1.552697,1.529144
Table561,560,1237661957218828318,193.6962,50.94249,2.969937,0.1325817
Table562,561,1237661957218828320,193.7062,50.9423,2.969937,0.8419209
Table563,562,1237661957218828323,193.6995,50.94023,2.969937,0.2005863
Table564,563,1237661957218828330,193.7307,50.96141,1.619254,0.3550625
Table565,564,1237661957218828331,193.7239,50.96856,1.588061,0.6695995
Table566,565,1237661957218828332,193.7248,50.96468,2.969937,-0.4629669
Table567,566,1237661957218828333,193.7323,50.96283,1.34896,1.356794
Table568,567,1237655549129261092,238.6434,-1.113332,2.970026,0.27775
Table569,568,1237663889954111695,20.24713,-1.051072,2.601303,0.4362278
Table570,569,1237663889954111697,20.24795,-1.22694,5.514476,0.7737522
Table571,570,1237663889954111698,20.24739,-1.227475,1.462999,0.3704128
Table572,571,1237663889954111699,20.24795,-1.110585,2.454129,0.6408691
Table573,572,1237663889954111702,20.25421,-1.210213,4.852732,0.6353798
Table574,573,1237663889954111704,20.25595,-1.093207,2.264626,1.063259
Table575,574,1237663889954111705,20.2545,-1.092276,1.815877,2.661301
Table576,575,1237663889954111706,20.25639,-1.242863,3.022149,0.7968712
Table577,576,1237663889954111707,20.25828,-1.159662,4.433461,0.290947
Table578,577,1237668330950754384,211.9148,14.73197,5.219046,0.523819
Table579,578,1237668330950754392,211.9287,14.78321,6.863136,0.4867516
Table580,579,1237668330950754395,211.9303,14.78672,2.969648,-1.297211
Table581,580,1237668330950754397,211.9291,14.78736,2.969648,0.261898
Table582,581,1237668330950754401,211.9359,14.8309,0.9340501,0.6998882
Table583,582,1237668330950754402,211.935,14.83072,3.142123,3.30859
Table584,583,1237678845030236248,314.0373,5.148602,1.640765,0.6821957
Table585,584,1237678845030236250,314.0399,5.149844,1.679436,1.505667
Table586,585,1237661351628439649,164.4911,54.52229,11.30615,0.1351109
Table587,586,1237661351628439653,164.4353,54.64127,3.448661,1.372644
Table588,587,1237661351628439654,164.4422,54.65416,1.949416,1.256035
Table589,588,1237661351628439657,164.4226,54.65974,2.96993,0.791975
Table590,589,1237661351628439660,164.4534,54.64315,1.704322,0.7963562
Table591,590,1237661351628439662,164.4435,54.64663,2.96993,0.5545883
Table592,591,1237661351628439663,164.4479,54.65392,1.636559,1.227436
Table593,592,1237661351628439666,164.4384,54.65349,2.96993,-1.492996
Table594,593,1237661351628439667,164.4323,54.66059,2.96993,-1.296732
Table595,594,1237661351628439668,164.4418,54.65042,68.30582,-1.057192
Table596,595,1237661351628439669,164.442,54.65538,2.96993,1.181107
Table597,596,1237661351628439671,164.4398,54.65631,2.96993,0.07396698
Table598,597,1237661351628439672,164.4514,54.6414,2.96993,-4.444878
Table599,598,1237663228529737839,245.6806,75.55566,5.203163,3.698038
Table600,599,1237663228529737846,245.5626,75.62756,2.412445,0.5238171
Table601,600,1237663228529737852,245.9604,75.47668,2.969824,-9.999969
Table602,601,1237678845030236285,314.0452,5.191498,2.850616,1.128008
Table603,602,1237678845030236290,314.0573,5.123286,1.532782,0.3565998
Table604,603,1237658222745288897,82.77995,0.8201576,3.501671,1.309341
Table605,604,1237658222745288898,82.78162,0.8114126,18.02175,0.6071033
Table606,605,1237679433440755901,350.8622,-3.599461,1.518686,0.6119003
Table607,606,1237679433440755911,350.9026,-3.489356,2.522963,1.539228
Table608,607,1237679433440755912,350.9023,-3.487452,4.0088,1.368565
Table609,608,1237660750333018385,66.38522,22.81198,1.881475,0.5910492
Table610,609,1237660750333018393,66.41321,22.81164,3.228677,0.6824646
Table611,610,1237660750333018395,66.43877,22.81467,2.970274,1.391365
Table612,611,1237660750333018396,66.39971,22.81541,43.77422,0.7847939
Table613,612,1237660750333018397,66.40548,22.81512,2.970274,0.8018608
Table614,613,1237660750333018398,66.42565,22.81749,2.970274,1.239492
Table615,614,1237660750333018400,66.44012,22.81232,43.77422,-1.110178
Table616,615,1237660750333018401,66.42825,22.81225,2.970274,-0.6136684
Table617,616,1237660750333018402,66.434,22.81228,0.08990017,-0.7542992
Table618,617,1237660750333018403,66.401,22.8135,2.970274,0.4078236
Table619,618,1237660750333018404,66.42366,22.81275,2.970274,-1.040144
Table620,619,1237660750333018405,66.43954,22.8139,2.970274,-0.08541679
Table621,620,1237646798131757277,107.9245,0.8855461,1.144231,2.392561
Table622,621,1237664972285870109,232.6989,24.28704,0.6040876,0.09173203
Table623,622,1237664972285870110,232.694,24.28606,7.359538,1.814907
Table624,623,1237664972285870122,232.6645,24.15468,1.623001,4.732813
Table625,624,1237654866228281491,118.4334,-1.865139,1.696295,0.6168232
Table626,625,1237654866228281492,118.4406,-1.858828,2.970056,-0.4866829
Table627,626,1237651494678495295,112.3883,33.96905,1.358654,0.9152565
Table628,627,1237654866228281522,118.4424,-2.033446,7.359416,2.601665
Table629,628,1237678578742264029,329.0958,19.53786,1.979734,0.6028805
Table630,629,1237678578742264030,329.0946,19.53786,1.660709,1.528467
Table631,630,1237678578742264044,329.1466,19.41949,0.6000304,1.653778
Table632,631,1237678578742264050,329.1192,19.52422,2.416142,1.559786
Table633,632,1237663889954111709,20.26001,-1.102924,3.623118,0.3681297
Table634,633,1237663889954111710,20.26118,-1.183798,2.950887,0.6232834
Table635,634,1237663889954111714,20.26294,-1.204556,2.699339,2.04158
Table636,635,1237663889954111717,20.2639,-1.121043,11.30624,0.5450668
Table637,636,1237663889954111720,20.26994,-1.242125,3.233642,0.733551
Table638,637,1237663889954111725,20.28692,-1.116823,3.412117,0.5683308
Table639,638,1237663889954111727,20.29326,-1.095514,2.748238,1.064409
Table640,639,1237663889954111732,20.31446,-1.212387,1.761159,0.6295567
Table641,640,1237666300525019296,340.4888,-0.12032,2.969528,2.00013
Table642,641,1237666300525019303,340.5092,-0.1245704,1.620184,1.021181
Table643,642,1237666300525019304,340.5095,-0.125921,1.452659,1.244009
Table644,643,1237669516361269407,344.3266,5.783999,11.30491,0.991396
Table645,644,1237669516361269408,344.3276,5.783738,1.308287,2.745594
Table646,645,1237669516361269414,344.3325,5.867904,4.22421,1.177589
Table647,646,1237669516361269420,344.336,5.93409,0.9696526,0.7230415
Table648,647,1237678845030236257,314.0417,5.106606,1.08705,1.990406
Table649,648,1237678845030236276,314.0471,5.156616,2.969369,2.692026
Table650,649,1237664972285870131,232.6874,24.14038,18.02019,3.701183
Table651,650,1237664972285870155,232.6315,24.23245,4.385483,0.9439659
Table652,651,1237671930132889632,158.427,7.911133,2.273442,1.5196
Table653,652,1237671930132889638,158.4249,8.118054,2.689418,1.192715
Table654,653,1237671930132889639,158.4324,8.115486,1.510405,0.8552742
Table655,654,1237671930132889644,158.4458,7.981764,2.837351,0.9851837
Table656,655,1237646798131757316,107.9028,0.8228102,1.711086,1.049952
Table657,656,1237646798131757321,107.9035,0.8244432,1.752496,0.5922489
Table658,657,1237646798131757324,107.905,0.8214173,1.308794,0.6302204
Table659,658,1237646798131757325,107.907,0.8215681,2.969324,-0.240139
Table660,659,1237646798131757326,107.9097,0.8206831,2.969324,0.5329456
Table661,660,1237666300525019383,340.5182,-0.1631133,1.155168,1.38361
Table662,661,1237666300525019387,340.519,-0.05925684,1.169491,-0.03902817
Table663,662,1237666300525019388,340.5207,-0.06072883,2.769794,1.225525
Table664,663,1237666300525019394,340.3971,-0.09493623,3.534214,1.890884
Table665,664,1237673708786221128,121.0585,-9.2893,1.477776,0.8140945
Table666,665,1237658222745288834,82.76591,0.7462916,0.8913646,2.576796
Table667,666,1237658222745288843,82.76504,0.7789506,0.5684513,0.3996964
Table668,667,1237658222745288847,82.76978,0.6916053,5.218612,0.4929638
Table669,668,1237659234211528759,253.9683,-1.151343,2.969668,-5.600042
Table670,669,1237646798131757285,107.9022,0.8868897,2.74557,3.040144
Table671,670,1237646798131757288,107.9039,0.8853183,2.969324,-0.5061913
Table672,671,1237646798131757296,107.9042,0.9820612,1.43291,1.772755
Table673,672,1237646798131757306,107.9041,0.9162499,1.738832,-0.002819061
Table674,673,1237665427552403531,193.5782,28.76924,3.953049,0.6399422
Table675,674,1237673708786221158,121.0825,-9.320436,3.456086,1.064785
Table676,675,1237673708786221161,121.0884,-9.322342,1.35571,0.9935608
Table677,676,1237662305648050275,201.6077,40.48025,2.97,0.02458763
Table678,677,1237662305648050279,201.6474,40.61637,3.042408,0.684412
Table679,678,1237669516361269450,344.39,5.828806,1.234046,1.345688
Table680,679,1237669516361269465,344.2567,5.772546,1.972587,1.146206
Table681,680,1237669516361269469,344.2529,5.948308,2.481196,1.164793
Table682,681,1237669516361269470,344.2542,5.946581,0.9445891,1.646595
Table683,682,1237645876861272142,336.5599,-1.035802,1.365756,0.7178535
Table684,683,1237645876861272146,336.5621,-1.035285,4.582671,-0.06330109
Table685,684,1237678578742264074,328.9728,19.47438,4.253098,0.4819527
Table686,685,1237678578742264075,328.9731,19.47635,2.969794,1.677916
Table687,686,1237678578742264076,328.9763,19.47293,1.389842,2.441271
Table688,687,1237661957218828370,193.6144,50.97096,2.969937,0.820034
Table689,688,1237661957218828371,193.6112,50.96794,2.969937,0.05056763
Table690,689,1237658222745288956,82.80188,0.6588722,2.024563,1.253479
Table691,690,1237658222745288958,82.80103,0.6607128,1.793433,0.3174
Table692,691,1237669516361269524,344.33,5.971795,2.969604,0.7031345
Table693,692,1237669516361269525,344.3121,5.961837,2.969604,-0.1336784
Table694,693,1237669516361269526,344.3164,5.964322,2.969604,0.08587837
Table695,694,1237669516361269530,344.3144,5.928328,1.273702,0.4861126
Table696,695,1237669516361269534,344.3404,5.858994,4.000126,0.6806126
Table697,696,1237669516361269535,344.3404,5.857678,1.071802,1.109921
Table698,697,1237669516361269536,344.3392,5.855798,2.817334,1.230133
Table699,698,1237669516361269541,344.3397,5.895745,2.709062,1.376242
Table700,699,1237669516361269543,344.3433,5.826893,3.518801,0.624712
Table701,700,1237669516361269544,344.3448,5.829104,1.612889,0.6660709
Table702,701,1237669516361269546,344.3578,5.797391,2.936138,1.196041
Table703,702,1237662305648050351,201.6268,40.47402,2.97,-0.04137611
Table704,703,1237662305648050354,201.6319,40.47672,2.97,0.2882214
Table705,704,1237662305648050358,201.6406,40.4645,1.995871,0.5972652
Table706,705,1237662305648050361,201.7087,40.54099,2.070711,0.7208729
Table707,706,1237662305648050362,201.7043,40.49934,4.815313,0.8500729
Table708,707,1237662305648050368,201.5812,40.52565,1.395371,0.3862133
Table709,708,1237663480321605830,308.3549,0.9489897,1.628683,1.36981
Table710,709,1237663480321605831,308.3526,0.9600143,1.348035,1.284925
Table711,710,1237663480321605832,308.3445,0.9566841,1.155088,1.614576
Table712,711,1237663480321605845,308.3501,0.8467382,2.40698,2.861673
Table713,712,1237673708786221326,121.0486,-9.190453,2.312442,2.78804
Table714,713,1237673708786221330,121.0543,-9.203482,2.970314,0.3129368
Table715,714,1237673708786221331,121.0582,-9.205242,5.456727,1.87887
Table716,715,1237673708786221332,121.059,-9.202629,1.666139,0.653162
Table717,716,1237673708786221344,121.1205,-9.302563,8.58623,1.061186
Table718,717,1237673708786221345,121.1242,-9.302123,4.917417,1.711073
Table719,718,1237657584942448739,22.48735,-0.8876646,2.924677,0.3211174
Table720,719,1237657584942448740,22.48875,-0.8877234,1.964039,1.923422
Table721,720,1237657584942448758,22.40627,-0.9773395,5.449883,1.15172
Table722,721,1237673708786221227,121.0789,-9.267793,1.355016,2.552902
Table723,722,1237673708786221232,121.0836,-9.274872,1.380708,3.862082
Table724,723,1237673708786221239,121.0279,-9.200179,1.752453,1.379755
Table725,724,1237651494678495366,112.4492,34.00223,1.232583,2.140366
Table726,725,1237671930132889680,158.4908,7.971146,2.50683,1.68644
Table727,726,1237671930132889683,158.4898,7.981371,1.314977,2.510685
Table728,727,1237663889954111791,20.24616,-1.137422,3.131002,0.5898857
Table729,728,1237663889954111792,20.24669,-1.155845,7.35916,0.4533615
Table730,729,1237663889954111793,20.24703,-1.194985,2.293648,0.3850689
Table731,730,1237663889954111794,20.24702,-1.20341,2.172108,0.8707466
Table732,731,1237663889954111797,20.24783,-1.12521,2.850601,2.47043
Table733,732,1237663889954111798,20.24884,-1.127079,1.798314,0.7065678
Table734,733,1237663889954111799,20.24904,-1.081204,1.461683,0.6905842
Table735,734,1237663889954111800,20.24902,-1.262282,2.293733,0.7455978
Table736,735,1237663889954111804,20.25165,-1.100784,7.35916,3.13769
Table737,736,1237663889954111805,20.25119,-1.102656,1.297035,0.6730995
Table738,737,1237663889954111806,20.25179,-1.234456,4.40625,1.530434
Table739,738,1237651494678495385,112.5184,33.97648,3.447326,1.436731
Table740,739,1237661351628439752,164.4986,54.65279,3.247279,1.296518
Table741,740,1237661351628439754,164.5937,54.49231,3.013161,1.475632
Table742,741,1237661351628439755,164.597,54.49322,3.529519,2.263288
Table743,742,1237661351628439760,164.5525,54.60993,2.207464,0.8145962
Table744,743,1237661351628439765,164.6062,54.66236,3.276042,1.314014
Table745,744,1237668330950754434,211.9795,14.83469,3.511897,1.111755
Table746,745,1237668330950754435,211.9833,14.83801,1.554518,0.3270721
Table747,746,1237668330950754436,211.982,14.83539,1.330014,2.478912
Table748,747,1237668330950754440,211.9767,14.79416,4.871894,1.127398
Table749,748,1237668330950754441,211.9791,14.79885,1.37665,1.320919
Table750,749,1237668330950754445,211.9644,14.70942,2.790369,0.3681793
Table751,750,1237668330950754452,211.9901,14.84064,7.12496,1.333241
Table752,751,1237680263996113123,350.3324,-6.996164,2.706918,0.8847027
Table753,752,1237680263996113127,350.3534,-6.871593,7.357767,-0.4818344
Table754,753,1237680263996113132,350.3763,-6.952745,3.805154,0.5847492
Table755,754,1237680263996113133,350.3785,-6.951628,2.969391,0.8277378
Table756,755,1237680263996113136,350.412,-6.924756,1.928868,0.276823
Table757,756,1237680263996113137,350.4111,-7.019518,1.892547,0.2686996
Table758,757,1237678845030236358,314.0793,5.157236,2.068875,1.829044
Table759,758,1237678845030236359,314.0833,5.156889,1.621985,0.8685036
Table760,759,1237678845030236363,314.08,5.154412,1.462418,1.323498
Table761,760,1237678845030236370,314.0742,5.228898,1.607546,1.450048
Table762,761,1237673708786221252,121.0089,-9.155267,2.970314,0.8703957
Table763,762,1237654866228281593,118.457,-1.993199,1.704304,2.011982
Table764,763,1237654866228281600,118.4552,-1.925566,11.30663,4.587551
Table765,764,1237654866228281602,118.4555,-1.9307,0.7427615,1.134474
Table766,765,1237659234211528865,254.0277,-1.079365,2.969668,-0.5642109
Table767,766,1237666300525019404,340.439,-0.1243334,1.16809,0.8272247
Table768,767,1237645876861272201,336.4763,-0.9090785,2.969025,0.6841431
Table769,768,1237645876861272205,336.4764,-1.007127,2.425872,0.4839611
Table770,769,1237665427552403640,193.4541,28.76425,4.21363,1.128628
Table771,770,1237665427552403645,193.4857,28.79042,1.6171,0.564682
Table772,771,1237668330950754411,211.9542,14.8266,2.286141,0.8269215
Table773,772,1237668330950754412,211.953,14.83003,4.954199,0.7141151
Table774,773,1237668330950754413,211.9534,14.82677,1.588216,0.5490055
Table775,774,1237668330950754417,211.9434,14.7381,2.111714,1.80319
Table776,775,1237668330950754424,211.9679,14.84841,1.385606,0.9962502
Table777,776,1237663889954111760,20.36689,-1.081774,2.969953,1.57703
Table778,777,1237663889954111766,20.38451,-1.164237,1.49139,0.3320408
Table779,778,1237663889954111770,20.39471,-1.101084,2.262504,1.046658
Table780,779,1237663889954111771,20.39464,-1.099632,4.584104,0.4237537
Table781,780,1237660750333018431,66.39972,22.8139,2.970274,-0.8154507
Table782,781,1237660750333018432,66.42746,22.81359,2.970274,0.2886486
Table783,782,1237660750333018433,66.39489,22.81206,2.970274,-1.266359
Table784,783,1237660750333018448,66.2353,22.81855,1.44161,2.169443
Table785,784,1237660750333018452,66.23112,22.82085,1.247122,1.298227
Table786,785,1237660750333018453,66.23227,22.81897,2.970274,0.143816
Table787,786,1237658222745288985,82.82217,0.8277268,3.718377,0.7428837
Table788,787,1237658222745288986,82.81934,0.8211726,3.259772,1.570467
Table789,788,1237658222745288990,82.8157,0.8317642,1.844732,0.9432545
Table790,789,1237658222745288991,82.81846,0.8332953,1.579555,1.880756
Table791,790,1237658222745288993,82.8261,0.824506,1.651705,1.83877
Table792,791,1237679433440755969,350.8849,-3.600412,4.157045,1.216461
Table793,792,1237679433440755970,350.8861,-3.600945,1.570258,1.580763
Table794,793,1237679433440755971,350.8845,-3.682569,1.610042,1.080975
Table795,794,1237679433440755973,350.8906,-3.5421,4.129163,0.7117901
Table796,795,1237679433440755978,350.8905,-3.630187,2.97028,0.4226494
Table797,796,1237679433440755980,350.8913,-3.573154,2.028027,1.021379
Table798,797,1237679433440755982,350.8955,-3.596196,2.648933,0.9815674
Table799,798,1237679433440755983,350.8967,-3.516519,6.816576,0.7716255
Table800,799,1237679433440755984,350.8984,-3.523846,2.294359,0.8312473
Table801,800,1237679433440755985,350.8997,-3.4973,2.175738,1.205433
Table802,801,1237679433440755987,350.9025,-3.594095,3.036937,0.3096085
Table803,802,1237658222745288998,82.82062,0.6986475,3.074591,1.61314
Table804,803,1237658222745289005,82.82524,0.6730298,4.331502,0.8902302
Table805,804,1237658222745289006,82.82343,0.6699238,2.970363,-4.100218
Table806,805,1237658222745289007,82.8269,0.6679084,2.970363,0.9643269
Table807,806,1237658222745289008,82.82454,0.6753801,0.9019834,1.383028
Table808,807,1237678578742264122,329.0092,19.43885,3.885678,1.690641
Table809,808,1237678578742264123,329.0077,19.44214,1.559562,0.27878
Table810,809,1237666300525019435,340.5362,-0.1798532,3.023113,0.6841183
Table811,810,1237666300525019436,340.5402,-0.101787,2.395879,0.5384159
Table812,811,1237666300525019453,340.3959,-0.1320879,4.835548,1.768133
Table813,812,1237662305648050310,201.724,40.62814,2.69552,0.2714996
Table814,813,1237662305648050321,201.7611,40.6118,1.279946,0.9678879
Table815,814,1237662305648050322,201.7187,40.44526,4.411046,0.9493694
Table816,815,1237679433440755921,350.9176,-3.555229,2.518318,0.7608852
Table817,816,1237679433440755925,350.9554,-3.596468,3.484505,0.5947895
Table818,817,1237650004324843790,326.0379,-1.121573,2.970744,0.2700596
Table819,818,1237662305648050328,201.7606,40.58739,4.578522,1.294806
Table820,819,1237662305648050329,201.7617,40.59144,2.039534,0.5576267
Table821,820,1237662305648050346,201.6477,40.63721,1.409261,1.044931
Table822,821,1237662305648050348,201.6295,40.47628,2.143767,1.076977
Table823,822,1237661957218828388,193.6433,50.94087,5.681133,1.050333
Table824,823,1237661957218828389,193.6464,50.94012,1.367259,1.192846
Table825,824,1237661957218828395,193.6677,50.95155,4.159287,0.7380848
Table826,825,1237661957218828401,193.7173,51.08635,1.773359,0.7746048
Table827,826,1237661957218828402,193.7155,51.08487,0.9611744,1.527336
Table828,827,1237661957218828407,193.7351,51.0266,5.472601,0.3568306
Table829,828,1237657584942448800,22.40291,-0.9031527,3.657043,0.4421825
Table830,829,1237657584942448805,22.45579,-0.8999975,2.512697,1.989254
Table831,830,1237663889954111807,20.2551,-1.119804,2.792588,1.730593
Table832,831,1237663889954111808,20.25551,-1.195441,1.291965,0.5051022
Table833,832,1237663889954111809,20.25662,-1.129265,2.288141,0.7935696
Table834,833,1237663889954111810,20.25672,-1.086304,1.406081,0.4888744
Table835,834,1237663889954111811,20.25714,-1.257419,1.788435,0.7914524
Table836,835,1237663889954111812,20.25729,-1.229164,1.403055,0.4119205
Table837,836,1237663889954111813,20.25828,-1.240015,2.130189,0.9458199
Table838,837,1237663889954111815,20.26001,-1.076827,2.275383,1.179962
Table839,838,1237663889954111817,20.26079,-1.126729,2.115969,0.7223854
Table840,839,1237663889954111818,20.26059,-1.124988,1.854677,0.7792912
Table841,840,1237663889954111819,20.26114,-1.131547,1.607789,0.3743706
Table842,841,1237663889954111821,20.26172,-1.150046,3.64578,1.095528
Table843,842,1237663889954111822,20.25914,-1.150625,2.237871,2.498173
Table844,843,1237663889954111823,20.26232,-1.153594,2.192472,0.8507557
Table845,844,1237663889954111824,20.26249,-1.117279,2.167516,0.9265976
Table846,845,1237663889954111828,20.26419,-1.210485,2.172664,1.049763
Table847,846,1237663889954111829,20.26443,-1.221697,2.969953,0.3607121
Table848,847,1237663889954111830,20.26574,-1.160884,2.774049,1.563654
Table849,848,1237661957218828413,193.7318,51.00752,1.274166,1.876726
Table850,849,1237661957218828422,193.7815,51.01191,2.969937,-0.5273228
Table851,850,1237671930132889654,158.4696,7.943427,2.492111,1.510763
Table852,851,1237671930132889662,158.4699,8.013239,0.9641294,1.025682
Table853,852,1237671930132889663,158.4775,8.017644,2.969319,0.5567913
Table854,853,1237671930132889665,158.4779,8.018952,2.969319,3.149998
Table855,854,1237666492704293143,327.5327,-1.024052,4.115338,0.8903694
Table856,855,1237666492704293144,327.5336,-1.021384,2.112658,1.431694
Table857,856,1237666492704293147,327.5351,-0.8404699,4.320336,0.9064178
Table858,857,1237666492704293148,327.5388,-0.856149,2.828674,1.2973
Table859,858,1237666492704293154,327.551,-0.9265328,2.80693,1.035975
Table860,859,1237680263996113141,350.4576,-6.910397,3.187742,0.686224
Table861,860,1237680263996113151,350.3431,-7.024328,2.969391,-1.375292
Table862,861,1237680263996113152,350.3441,-7.024049,2.969391,3.194008
Table863,862,1237680263996113156,350.3383,-7.023973,2.969391,9.569706
Table864,863,1237680263996113157,350.3328,-7.024086,2.969391,6.062853
Table865,864,1237680263996113160,350.3333,-7.020404,1.539466,1.153587
Table866,865,1237680263996113161,350.3391,-7.026076,1.548023,2.248346
Table867,866,1237680263996113166,350.3386,-7.021281,2.969391,1.129568
Table868,867,1237678845030236409,314.0857,5.209383,1.004257,0.7176762
Table869,868,1237678845030236412,314.0791,5.202169,7.357713,1.135773
Table870,869,1237678845030236422,314.0959,5.194352,1.539067,2.205006
Table871,870,1237678845030236423,314.0872,5.197156,1.056428,0.5623131
Table872,871,1237678845030236425,314.0827,5.211051,1.100618,1.416105
Table873,872,1237669516361269549,344.3602,5.855965,2.976197,1.379335
Table874,873,1237669516361269551,344.3574,5.964571,1.716104,1.101753
Table875,874,1237669516361269555,344.3725,5.822221,3.448848,1.602262
Table876,875,1237669516361269556,344.3718,5.824181,1.721405,1.191935
Table877,876,1237669516361269563,344.3685,5.906397,1.203331,1.538355
Table878,877,1237663480321605786,308.343,1.050403,1.649728,1.010998
Table879,878,1237663480321605799,308.3398,0.9074062,2.943933,4.343929
Table880,879,1237663480321605800,308.3386,0.9063613,1.472758,1.290413
Table881,880,1237663480321605829,308.3501,0.9521944,1.673245,0.9076157
Table882,881,1237654866228281615,118.4568,-2.032498,4.458199,-1.334722
Table883,882,1237654866228281621,118.4671,-2.037925,2.34778,0.998497
Table884,883,1237654866228281622,118.4549,-2.031478,27.92255,10.38453
Table885,884,1237654866228281623,118.4526,-2.034104,2.970056,-5.511112
Table886,885,1237654187634196695,172.6989,-0.9449551,2.183697,1.181257
Table887,886,1237654187634196700,172.7288,-0.9499515,1.647089,0.1476307
Table888,887,1237654187634196701,172.6793,-0.9516875,2.064348,-0.3313885
Table889,888,1237654187634196702,172.5973,-0.9488842,2.967381,0.1587029
Table890,889,1237654187634196704,172.7069,-0.944343,1.625198,2.250603
Table891,890,1237654187634196707,172.7096,-0.9525259,2.969852,0.9749146
Table892,891,1237654187634196711,172.6844,-0.9464955,2.201828,1.107555
Table893,892,1237656850502713444,343.398,-1.015146,1.483288,0.4976444
Table894,893,1237673708786221202,121.0812,-9.297032,3.128642,1.010494
Table895,894,1237673708786221215,121.0782,-9.268608,2.970314,-4.656054
Table896,895,1237673708786221216,121.0774,-9.276193,27.92497,1.199834
Table897,896,1237673708786221218,121.0813,-9.276161,1.1672,1.076801
Table898,897,1237673708786221220,121.0731,-9.272841,7.278512,7.958393
Table899,898,1237673708786221223,121.0733,-9.270965,1.141881,1.760582
Table900,899,1237656850502713372,343.4492,-1.053566,2.668327,0.8311348
Table901,900,1237656850502713373,343.451,-1.040808,1.528973,0.4881096
Table902,901,1237656850502713374,343.4507,-1.038386,1.244647,0.9543362
Table903,902,1237656850502713382,343.4567,-0.8740519,9.431513,0.9207058
Table904,903,1237656850502713383,343.4625,-0.8709151,4.583715,0.2086525
Table905,904,1237663228529737906,245.6218,75.45003,3.360312,0.6686783
Table906,905,1237657584942448770,22.46729,-1.017628,2.878314,1.532063
Table907,906,1237657584942448783,22.50915,-0.9925479,6.185127,0.9399395
Table908,907,1237657584942448784,22.51091,-0.9904925,7.359112,3.210546
Table909,908,1237657584942448786,22.52151,-0.9532375,3.28543,1.192909
Table910,909,1237657584942448787,22.52341,-0.9534807,2.305332,2.623192
Table911,910,1237673708786221274,121.0302,-9.185503,11.74041,0.1181335
Table912,911,1237673708786221281,121.0346,-9.186009,2.970314,1.649769
Table913,912,1237673708786221295,121.0427,-9.199453,2.844601,1.1287
Table914,913,1237660750333018458,66.32254,22.82501,2.970274,1.527815
Table915,914,1237671930132889699,158.506,8.061687,23.52157,0.3039665
Table916,915,1237671930132889702,158.511,8.066092,2.969319,0.842617
Table917,916,1237671930132889704,158.5079,8.070775,1.159972,2.162886
Table918,917,1237671930132889712,158.3791,7.932578,6.455488,1.019327
Table919,918,1237671930132889713,158.3811,7.933183,1.21076,1.361105
Table920,919,1237671930132889714,158.3803,7.935105,11.30383,0.6168957
Table921,920,1237678845030236426,314.0757,5.202078,1.593141,0.4022274
Table922,921,1237678845030236427,314.079,5.203572,0.2601181,1.160564
Table923,922,1237678845030236430,314.09,5.202584,2.969369,0.697691
Table924,923,1237678845030236433,314.0825,5.203458,2.969369,0.02577019
Table925,924,1237678845030236434,314.0864,5.208751,2.969369,0.3123512
Table926,925,1237678845030236435,314.0905,5.212988,0.7385129,1.138567
Table927,926,1237663228529737882,245.3036,75.50607,2.969824,0.7233067
Table928,927,1237663228529737895,245.5929,75.41022,1.833837,1.474556
Table929,928,1237660750333018407,66.39674,22.81468,1.325601,1.474413
Table930,929,1237660750333018408,66.42284,22.8146,3.74449,2.000578
Table931,930,1237660750333018409,66.41625,22.81192,2.970274,-1.127563
Table932,931,1237660750333018410,66.4221,22.81365,2.970274,0.09596634
Table933,932,1237660750333018411,66.42904,22.81393,2.970274,0.6705589
Table934,933,1237660750333018412,66.43208,22.81413,2.970274,1.09086
Table935,934,1237660750333018413,66.43567,22.81553,5.824444,1.35183
Table936,935,1237660750333018414,66.42068,22.81249,2.970274,-1.111944
Table937,936,1237660750333018415,66.41147,22.81232,2.970274,-1.523125
Table938,937,1237660750333018416,66.43513,22.81128,2.970274,-2.261316
Table939,938,1237660750333018417,66.41965,22.81485,2.970274,1.26482
Table940,939,1237660750333018418,66.43374,22.81405,7.359955,1.30678
Table941,940,1237660750333018419,66.42242,22.81189,2.970274,0.7005653
Table942,941,1237660750333018420,66.43248,22.81493,4.584599,-0.7116356
Table943,942,1237660750333018421,66.4209,22.81469,7.359955,2.012985
Table944,943,1237660750333018422,66.41818,22.81404,2.970274,0.8301678
Table945,944,1237660750333018423,66.40924,22.81257,2.970274,-3.610397
Table946,945,1237660750333018424,66.3942,22.81397,2.970274,0.8437405
Table947,946,1237660750333018426,66.44067,22.8154,2.970274,0.9695473
Table948,947,1237660750333018427,66.41492,22.81109,43.77422,-1.093393
Table949,948,1237660750333018429,66.43706,22.81575,4.584599,0.6449261
Table950,949,1237669516361269497,344.3051,5.958277,1.492425,0.6046181
Table951,950,1237669516361269499,344.3235,5.967052,2.969604,2.743326
Table952,951,1237669516361269500,344.2946,5.952384,1.371045,0.9201508
Table953,952,1237669516361269501,344.315,5.962823,0.995057,0.8188152
Table954,953,1237669516361269502,344.2966,5.952381,0.9502497,1.810692
Table955,954,1237669516361269503,344.3243,5.968014,2.969604,0.6685829
Table956,955,1237669516361269504,344.3354,5.972832,2.969604,0.4693146
Table957,956,1237669516361269506,344.3098,5.959728,2.969604,1.002529
Table958,957,1237669516361269507,344.3218,5.96503,1.364165,0.796854
Table959,958,1237669516361269509,344.3201,5.965838,2.969604,0.1615372
Table960,959,1237669516361269510,344.3195,5.965858,2.969604,-0.8262367
Table961,960,1237669516361269511,344.3257,5.96905,11.30491,2.255297
Table962,961,1237669516361269512,344.298,5.952879,2.969604,-0.2756462
Table963,962,1237669516361269514,344.3337,5.97275,4.583566,0.2266788
Table964,963,1237669516361269515,344.3289,5.970454,2.969604,0.8611813
Table965,964,1237669516361269516,344.3131,5.962324,2.969604,0.1494446
Table966,965,1237669516361269517,344.3311,5.971263,2.969604,0.2366314
Table967,966,1237669516361269518,344.3287,5.969984,0.09847849,1.338167
Table968,967,1237669516361269521,344.3002,5.95414,2.969604,-0.4312401
Table969,968,1237669516361269522,344.3317,5.971987,2.969604,1.223021
Table970,969,1237645876861272175,336.4452,-0.9908707,1.488788,2.149319
Table971,970,1237679433440755942,350.847,-3.641736,10.03031,0.5415382
Table972,971,1237679433440755944,350.8488,-3.55405,4.581193,0.5388069
Table973,972,1237679433440755946,350.8563,-3.548889,2.907118,1.378365
Table974,973,1237679433440755950,350.8594,-3.591139,3.065062,0.7105446
Table975,974,1237679433440755951,350.8582,-3.592219,2.004775,0.9343128
Table976,975,1237679433440755952,350.8661,-3.574306,2.923862,0.8705444
Table977,976,1237679433440755956,350.8723,-3.669471,3.018329,1.267256
Table978,977,1237679433440755960,350.8797,-3.546545,2.493028,0.63904
Table979,978,1237679433440755962,350.8799,-3.652931,9.161176,0.4446354
Table980,979,1237678578742264083,328.9998,19.38876,1.960668,2.84366
Table981,980,1237678578742264103,328.9695,19.5557,2.351466,1.058956
Table982,981,1237663228529737962,245.434,75.44189,2.97359,0.8785324
Table983,982,1237663228529737974,245.5621,75.50682,2.942477,1.00473
Table984,983,1237663889954111733,20.31243,-1.212245,1.60331,0.7827682
Table985,984,1237663889954111735,20.31581,-1.094999,2.969953,2.073164
Table986,985,1237663889954111738,20.32532,-1.108586,2.695418,0.9104252
Table987,986,1237663889954111739,20.32594,-1.164711,2.660403,0.8468914
Table988,987,1237663889954111742,20.32544,-1.080974,3.861806,1.820127
Table989,988,1237663889954111745,20.32544,-1.079379,2.969953,0.483551
Table990,989,1237663889954111750,20.34049,-1.253294,4.407448,0.519001
Table991,990,1237665427552403581,193.5018,28.73818,1.550302,1.298052
Table992,991,1237655549129261131,238.6909,-0.9486981,1.564776,2.80846
Table993,992,1237655549129261138,238.6928,-1.07845,1.62255,2.057999
Table994,993,1237655549129261151,238.7125,-1.015786,1.534727,1.353411
Table995,994,1237656850502713411,343.5059,-1.002432,2.756155,1.763618
Table996,995,1237656850502713416,343.5148,-1.043423,1.690961,1.514227
Table997,996,1237663228529737929,245.8065,75.45721,4.005445,1.046461
Table998,997,1237664972285870232,232.6518,24.21918,3.39302,0.7508087
Table999,998,1237664972285870240,232.6409,24.15186,2.654295,0.7516994
Table1000,999,1237664972285870251,232.6684,24.0963,4.003274,0.5565338