z0,z1,z2,z3,z4,z5,z6,z7,z8,z9,z10,z11,z12,z13,z14,z15,z16,z17,z18,z19,z20,z21,z22,z23,z24,z25,z26,z27,z28,z29,z30,z31
-1.3137002,-1.8842676,2.3818994,-1.3649669,0.31150472,1.3466234,-1.2524706,1.5262978,-2.3520362,-0.13915896,-2.417225,4.2586803,4.284643,-0.90449214,-2.7238564,1.8456905,-5.231561,-1.4826037,2.7189262,0.51347774,-4.6537094,2.529522,-1.3176227,1.239149,5.671735,2.657067,2.244781,1.777624,2.0000088,-5.369834,-1.1055795,-2.783484
-12.267721,-1.765651,-8.128519,-0.38400102,4.078334,-2.6115017,-1.4938359,-3.9287412,6.697446,-3.5632048,8.27223,-7.366791,1.3914328,2.5490615,-2.3972077,4.072819,8.689066,-2.4552057,0.62673795,6.328655,3.8760874,-8.914135,-2.0218172,-11.122587,2.3360226,-6.430617,7.6941776,-4.945429,-10.243599,-0.9109326,-3.9835644,-1.7802372
0.92224526,-0.7629775,-1.6877066,1.3541241,-0.87799776,-3.5484602,0.46970886,3.006599,2.5656514,3.176373,-0.196512,-1.6923596,-1.1878229,1.9859148,3.8641372,-2.9104033,3.7945776,-0.23293361,-0.9299857,1.1354021,2.1357827,-1.3100327,4.0066524,-1.1524179,0.6566583,4.9255733,-1.298028,-2.8489194,-0.47432414,2.3038614,-3.1195526,0.9074356
3.1406384,-4.2078094,-9.285228,2.721433,-3.6212914,-0.2981813,-0.49229375,1.4824756,3.4893656,-3.7506366,-2.2000194,-5.8650694,-3.6070633,1.3479431,5.6285114,-0.90039337,6.9447403,3.7836928,-2.3195891,8.000634,6.8237953,-4.177474,5.121132,-3.9932148,3.282162,-2.5750628,-1.1067983,-1.0955402,-1.3142043,2.067114,-2.6069772,-0.6675404
-0.16740108,0.29049036,3.147417,-3.2491474,1.5230502,-4.579799,2.0964105,-0.15773863,2.2279074,3.3782854,-1.4308324,2.1890507,2.9980416,-4.122953,2.4543123,-3.2055554,-3.8909607,-1.8951415,4.7400227,-1.1253402,-0.3681364,3.6498036,2.6971695,-0.7603259,5.489337,3.114353,3.7622643,2.502904,0.44797045,-1.9429421,-3.2271693,-1.4176693
0.079918504,-1.4778275,4.4659224,-1.6604153,1.0049329,-1.2423544,-0.7939711,1.5691442,-0.6021028,2.5362976,-0.9142693,3.6325235,4.3903856,0.12310654,-0.5680697,-0.31021953,-3.41085,-2.8974009,1.029415,-2.481745,-3.0043573,3.198846,2.0012414,0.88673764,2.0695403,4.1003227,0.43180737,-2.0607963,3.63996,-3.3455653,-1.8916199,0.34046096
0.5129098,0.09205687,2.7808073,-1.7150723,1.8506384,-0.35403168,-0.5591732,2.3894,-1.1683768,3.9981112,-2.4476452,2.5144842,4.7532854,1.0923897,-1.7392519,-0.061694264,-0.05984837,-3.0391982,1.4687617,0.9260727,-3.936528,1.2285115,1.336129,1.325442,3.045654,6.924526,-1.6593462,-0.53186715,-0.8341803,-0.9640576,-3.2307677,-1.0615915
0.2210165,-2.8459642,0.07051262,0.6759211,0.6773067,3.1114316,-1.4128921,2.7584808,-2.1928678,-0.29950118,-2.1813765,1.7054673,3.742147,0.7221696,-4.027957,3.7519965,-0.6759905,-0.49019194,0.5143907,3.1709814,-4.4846635,0.57338876,-1.194399,2.3538465,3.3353758,2.6753216,-1.695308,1.5342107,1.0872579,-3.2341878,-0.037400305,-2.6767952
0.8060465,-0.98959,-1.4523194,-0.014885783,-2.609602,-4.5976343,0.61472964,-1.3370955,2.3453538,-1.5634563,-2.0780957,-1.0407798,0.49732316,-4.7446833,2.3677225,-1.7921193,-3.161172,1.4675837,5.325875,1.5255405,1.8134876,2.8596117,1.0319529,-1.8985817,6.053791,-2.6737146,5.2109137,4.25786,2.1162071,-1.212611,-1.111844,-2.2663271
-1.9214493,-2.5636597,1.4358189,-0.5587911,-2.1221042,-0.7601705,-2.7999694,-0.36318663,-2.730005,-4.063968,-1.4405832,3.2555194,3.7298274,-2.1646981,-2.2809784,3.0296004,-6.425009,-1.373413,1.9100622,-1.6047393,-4.622655,4.745838,-3.1529503,0.9437101,4.7483616,-1.9918323,4.9002533,-1.2953954,3.885107,-7.7879477,-0.23538065,-1.0140107
1.2449646,0.38901085,0.59017074,-0.6655875,0.9498534,-3.328852,0.562577,2.9421902,0.7622323,5.2262363,-1.1411912,-0.29949996,1.6587889,1.6520731,1.7235951,-1.6762887,4.343334,-1.7520521,0.0533638,1.1356975,-0.670313,-0.1362887,3.5662212,0.22264974,0.7746614,7.649337,-2.4106169,-2.0366251,-2.314909,2.1799488,-3.8741853,0.51608443
2.9696224,-2.3409407,0.005849898,0.8048719,1.8486252,-1.3910491,-0.08573431,3.3923407,0.9337238,3.3103433,-1.0455909,-0.2246217,0.602382,1.7711393,2.4870052,-0.62512034,5.2357097,-0.8574343,-1.8848262,2.5987415,-0.08228676,-0.6187136,4.844327,0.46908888,-0.024811596,6.7286773,-4.232608,-2.4719682,0.4706074,1.7836896,-2.376621,0.86685157
1.2644992,-1.0125027,2.035257,-1.3334126,2.0473573,-5.8571367,2.770327,1.5463815,3.6181052,4.3776774,-1.4776558,0.026631959,1.486848,-2.3865852,3.2724853,-4.308984,0.039964914,-2.1365588,3.3078609,-0.18561786,0.32377243,2.5797763,5.131027,-0.4832576,2.775813,5.558812,1.059997,0.9426635,1.1162772,1.4927024,-3.097834,-0.7508763
2.673789,-1.2056121,-1.4208318,-0.7533237,0.44785452,-6.96951,3.1103506,0.38104683,4.245137,0.41606578,-2.0150254,-1.6834689,0.28991657,-4.9554167,4.8256154,-3.6529741,0.39414138,0.6806042,4.977759,1.5527253,3.1256657,2.8511348,4.1835675,-1.2870666,5.191002,2.3519292,2.6756048,4.0696483,0.9223208,1.5073789,-2.0190742,-1.265609
2.2046866,-3.6033976,-1.7099932,1.8355908,1.9596727,2.8465838,-1.6460478,2.7386336,-0.35525712,0.08908999,0.85960895,0.33121032,0.8554639,3.2313027,-0.6002653,1.2881992,4.1659365,0.13111317,-3.9398532,3.1068513,-1.0904726,-2.0324109,2.8784823,0.87985677,-0.78834116,2.254985,-3.9630141,-4.0035987,2.6640592,-0.9299857,-0.8740368,1.3082117
0.26614678,-1.1156489,1.6440101,-0.3765813,1.7157798,-5.4679375,1.5766251,2.5593584,3.1746874,4.182821,1.7414014,-0.27696073,-0.28545734,-1.2581375,5.3083954,-1.6513137,3.2107635,-0.23455928,0.6784287,-1.0440587,3.7673817,1.1450944,5.3147116,-2.0086007,0.037018448,5.3141727,-0.051043138,-1.4485193,0.8311756,0.049160697,-2.3479433,1.210608
2.325634,-3.1576872,-4.607384,3.0566754,-3.670916,1.9564791,-1.6268218,2.248928,-0.03873223,-2.866857,-2.3122544,-1.499837,-1.0076182,2.8882596,-1.6565797,-0.42744046,0.45621744,1.1166605,-2.4514687,2.9123359,-1.5054209,-0.9677193,1.5742246,1.1794662,1.079046,-0.70193774,-1.3009608,-2.5518425,3.2541962,-0.9806602,-0.6050402,-0.29567212
0.9810004,-0.5745822,4.4432516,-2.4053435,2.136679,-3.4790077,1.0283726,1.0091337,1.2359169,3.9793913,-1.1076295,2.2594287,3.5959501,-2.0277033,1.3048744,-1.8502477,-2.0264366,-2.8139725,2.5301085,-1.8683279,-1.1856434,3.3300662,3.5644536,0.26775274,2.6384463,4.741409,0.8982339,-0.1991395,2.0178711,-1.6685603,-2.569006,-0.25648805
1.4446826,-0.433558,1.8034841,-0.5685493,1.1837708,-2.9860308,-0.082706094,3.1293,0.86072856,4.761097,-0.3977083,0.60388523,1.5630875,2.0153747,2.0851588,-1.2899406,4.173974,-2.0949497,-1.0404005,0.097655386,-0.5699872,0.09422034,3.958719,0.3148173,-0.23261052,7.4776015,-2.6653428,-3.8204868,-0.3099681,1.0197315,-3.6449974,1.4531739
1.7387007,-0.04971099,3.7047544,-2.3041015,1.096632,-3.3881264,0.8808993,1.0381913,1.0059847,3.5775049,-1.857733,1.9329274,3.6633224,-1.5371917,1.1002797,-2.4603453,-2.0468688,-3.196299,2.1396477,-1.8580563,-1.9148242,3.162579,3.214224,0.60484374,2.599624,4.41881,0.6244168,-0.81493056,1.78127,-1.0216908,-2.9181209,0.14091198
-1.1354617,-0.5569974,-3.280846,-0.3395096,-4.4809732,-4.3434362,0.02406317,-1.759526,2.6115823,-1.6499412,-2.5829902,-1.1260024,0.63188136,-3.4151883,2.469212,-2.7267268,-4.45175,2.8277047,5.782491,2.3937414,1.724702,1.3865365,-0.44879243,-3.3543103,7.129064,-4.231476,6.984635,3.95088,1.1096784,-1.7625052,-2.3491507,-2.8772626
0.9060439,-3.691958,-11.594593,1.3904696,-3.52587,3.2021394,-3.6976097,-5.288495,1.1341788,-8.440168,2.1144085,-10.328261,0.7141454,-1.6181607,-2.637985,9.346384,9.704256,1.5497665,-1.1400881,12.016311,5.0261292,-3.7384617,-3.0654864,-5.038634,3.2187083,-13.619976,2.1077893,0.05272591,-4.39993,-1.7965478,-0.10827327,-2.705685
-1.6458788,-4.1141334,2.4763765,0.28745955,1.1242521,2.802837,-2.89288,3.3352766,-2.451261,-0.22515243,1.2258276,3.7569938,4.0813656,3.323944,-3.0858374,3.8461776,-1.4454715,-1.755523,-2.1213632,-0.32566506,-4.478848,1.3245348,-0.31552497,1.4800191,1.0377486,3.550037,-1.2071575,-5.5027523,4.491211,-6.0282316,-0.3186127,1.1380223
-1.1331508,-2.2916598,1.0598153,-0.8846836,-1.0722064,1.5218287,-1.7730839,1.5873243,-3.0227726,-1.5224694,-3.4146695,4.017055,4.4926534,-0.6605947,-3.958819,1.808243,-6.3195105,-2.0224211,2.8223681,1.3108068,-6.43577,2.8636198,-2.558422,1.9855366,6.7069187,1.3817627,2.7817736,1.4585042,2.4874287,-5.631224,-1.509407,-3.2931733
-2.1458762,-3.4128718,0.27644,2.0121806,0.076541096,1.1861926,-1.3493991,1.2816209,-0.47773397,-1.3735452,-0.24774395,0.78918153,1.0636202,-0.30556715,-1.9078804,2.4151263,-2.1760867,0.4739788,0.9065192,1.3137435,-2.0045435,0.83339083,-0.46287382,0.747571,1.9622272,-0.8062136,1.2237089,0.45957965,3.065304,-3.121562,1.4604871,-1.8351686
1.5087016,-3.213717,1.5713673,0.81241184,2.4051754,0.33680028,-1.6234304,3.4484935,0.4711795,2.7248073,1.0401442,2.013762,0.5286588,2.8882058,2.3932638,0.15595996,4.0545206,-0.887966,-3.7075086,1.1947443,-0.11706418,-1.1027304,4.4064693,0.47058153,-1.2771708,5.451287,-3.828174,-5.5600576,3.2636232,-1.1928258,-1.9786904,2.1846344
2.2325668,-1.8813791,-6.991618,1.1254221,-4.926249,-4.76274,0.99091685,-0.98484874,4.008497,-3.3216124,-3.3127327,-4.952467,-1.6140213,-2.903552,6.0119905,-2.9710753,1.009523,4.879545,3.899794,5.1781416,6.3643284,-0.14852268,2.9326272,-4.4687963,7.241175,-3.8136885,3.8321218,4.1430964,-0.12798098,1.7180234,-2.018714,-1.9451964
1.2149531,-0.3783186,3.689564,-2.1024659,1.230809,-2.9126153,0.55774224,1.1631582,0.6142361,3.648623,-1.9644898,2.2955742,4.044624,-0.9255287,0.56828976,-2.4211493,-2.493517,-3.3573494,2.1542513,-1.6668463,-2.402222,2.9183605,3.0845788,0.6380037,2.7881806,4.672002,0.6185607,-0.91791344,1.7636311,-1.0762781,-2.9444423,-0.015515029
1.0623742,-1.1643088,-2.8869429,0.42738122,-1.5823768,-5.560728,2.274037,0.31788242,3.969244,-0.008867774,-1.0941205,-2.442412,-1.285331,-3.0018039,5.6187754,-3.4651768,0.17206588,2.6907072,3.9368324,1.4591022,5.303677,0.3683553,2.8978996,-3.4639559,4.7297773,0.10882902,3.376649,2.5524263,-0.0109580755,1.0168912,-2.0768766,-0.6964907
-1.3710175,-5.5032806,-4.104699,3.8174443,-1.2290833,3.785059,-3.478828,-1.1157814,-1.8358874,-7.1291103,1.3246527,-2.4139001,1.4985236,-0.15969676,-6.6848493,7.502647,1.415873,-0.34482968,-0.37709665,6.0949135,-2.3847165,-0.4914766,-2.9193907,0.37662852,1.1212986,-7.8496737,1.7641182,-1.551997,1.8731439,-4.537796,3.1194053,-2.3757007
-0.21532996,-4.2664557,-0.23160142,1.4944153,-1.3745519,3.2511792,-2.6737485,3.3454518,-3.2211542,-2.380041,-2.809372,2.5211015,3.8741055,1.599641,-5.581314,3.967359,-3.2675233,-1.1130459,0.18829897,1.9897592,-6.6573157,2.2625964,-1.9534441,3.133151,3.6775627,2.0473084,-0.50716215,-0.66529906,3.932835,-5.1770897,0.30822468,-2.3536096
-0.5710272,0.40217835,3.1623921,-2.6512008,2.8536673,-1.1374848,0.37876165,1.4090835,-0.30104077,3.5435586,-1.7386259,2.7775707,4.3137226,-1.4053334,-0.30555788,-0.14485455,-1.3258181,-2.2043726,3.4687433,0.5066711,-1.9839303,1.8503379,1.4275029,-0.122678265,4.3968697,5.643459,0.5076294,1.9526882,-1.4918104,-2.0587163,-3.0173314,-1.833941
1.2851505,-0.6072816,3.952756,-1.4606711,-0.37714314,-5.4110246,1.2577379,1.4116912,2.32919,3.1196575,0.0040179426,1.287685,2.2970352,-1.6905614,3.2196398,-2.5078902,-1.6442668,-2.188705,1.1323636,-3.8248591,0.5604364,3.3116167,3.610459,-0.20004064,0.8125344,3.2572427,1.7261578,-2.938321,3.3849163,-1.9283458,-2.4518414,1.884407
1.6830148,-2.498901,-5.3306713,1.9346395,-1.8787696,2.5849044,-2.7429585,0.23684835,-0.6216811,-4.0510345,1.0947957,-3.273981,-0.84858245,2.2693348,-0.64566714,3.051908,5.266486,0.6101134,-4.286651,3.863472,1.6877962,-2.1124732,1.2992158,-0.9858513,-0.2976354,-3.130919,-1.534502,-4.4191446,-0.374736,-1.5758922,-0.6408996,1.0948994
9.890462,-4.033153,-12.896715,0.9348529,-7.1284523,-1.4297961,-7.8812575,-7.0237594,-0.9294157,-14.994711,-0.9121082,-6.364016,2.4060664,-3.9504817,-0.02387786,9.022312,4.6454763,4.6656146,-0.033127785,8.279787,6.985047,5.7063336,1.2268316,-0.75604206,0.3075906,-14.37212,-0.043821245,1.2412909,9.432695,-3.2513545,1.4487853,-1.0407221
1.8517036,2.083559,-0.11397743,-3.0515566,-2.6751158,-4.4458013,1.8883938,-0.3062706,0.8907566,1.7601411,-4.691717,1.3970556,3.1926994,-3.4745848,0.4218759,-4.5557017,-5.064968,-2.056688,5.326103,0.34794736,-2.6328282,2.6732259,-0.36984912,0.50530225,7.825179,1.0623384,4.6341114,3.104827,-0.51497895,-0.70726335,-4.522832,-2.0474315
1.7767229,-1.6892917,-3.391355,2.0055265,-1.9641892,-2.9491262,0.3023218,2.3231578,3.1029437,1.6095792,-0.7939386,-2.5287447,-1.8988645,2.081442,4.1158643,-3.3830135,3.519507,0.05122195,-1.3205293,2.2706118,2.8152401,-1.6149136,4.0328245,-1.4057783,0.8532361,2.9863503,-0.80411,-2.7764416,0.39306688,2.6096828,-3.1432576,0.79239714
1.6258416,-5.6163225,-4.732877,4.143812,-0.7283083,6.170101,-3.191264,2.9849758,-1.2747881,-3.4594615,-0.8093201,-0.50918806,0.8066895,3.3900197,-4.0476446,3.5661209,1.5635066,0.75934744,-3.194704,6.6873417,-3.234766,-1.6885693,0.31915858,2.2435102,0.9942051,-1.7121687,-2.9460676,-2.9771762,3.7302194,-3.4074016,1.0364482,-1.761606
0.7664265,-0.14056182,3.8107414,-2.4361446,1.3565779,-3.2549634,0.8478879,0.939654,0.79519004,3.7770953,-1.8293769,2.3900886,4.0551853,-1.5634515,0.67922544,-2.3837695,-2.899436,-3.1892684,2.91994,-1.7276654,-2.1295755,3.1042752,2.844517,0.39857963,3.4008894,4.6283846,1.2990811,-0.008207083,1.4458107,-1.4901628,-3.057293,-0.5083485
-2.9642472,-1.5048845,3.5494561,-2.4708962,1.1098365,-2.0443394,0.05771172,-1.0997767,0.9262552,0.54121965,0.28534344,3.2332954,2.8807669,-4.6800137,1.0479516,1.3559723,-5.6807575,0.63211775,5.311128,-1.0551159,0.24011123,3.855547,-0.31090572,-2.1364245,5.5840187,-0.53271073,6.304347,3.3794084,2.074728,-6.432414,-0.6259695,-2.2197418
1.5666411,-2.249767,-3.118274,0.69632745,0.50828016,0.4384939,0.475085,1.8369212,1.0381043,0.30633038,-0.7924466,-2.1520724,-1.1004155,0.25301665,2.60013,0.16633868,5.3360186,1.2897882,-0.81605744,4.506492,2.434093,-2.3439672,2.700412,-1.4320883,1.5877287,1.5467614,-2.0615048,0.11700554,-2.39183,1.0766181,-1.4599025,-0.73093987
0.7833527,-2.5972028,-1.9005995,1.656192,0.5477406,-1.3080443,-0.6122213,2.9598784,1.9787879,1.3711904,1.1577655,-1.1582077,-1.3328841,2.5928466,3.6427693,-0.8908855,5.6143103,-0.3943582,-3.1939175,2.7826767,1.9566249,-2.953572,4.6294622,-1.3483742,-0.96961343,3.6416497,-2.4459639,-4.6417418,0.34927687,0.96097004,-2.6203077,1.2575125
2.1238284,0.13448864,-2.3296456,0.8722444,-1.3764607,-4.130685,0.90482247,2.5078,2.0947726,2.893495,-1.2612019,-2.7847786,-0.66078544,1.2950838,3.6652484,-2.4457412,4.8752065,-0.46171364,-0.31978226,1.4374533,1.8333445,-1.0963352,3.3374832,-0.77031,1.0230764,5.298997,-1.5657296,-1.9430561,-2.2596815,3.2843256,-3.3035223,0.4175429
1.4202524,-0.040092997,-7.8428545,-1.2832998,-4.7011895,0.9688918,-0.37422797,0.7920265,0.5186713,-2.5816383,-6.9112425,-2.0718684,2.2327194,-0.6327723,-3.6819267,-0.9283104,-0.5637764,0.8875041,4.8096647,9.687475,-4.8387947,-0.8128083,-4.436795,0.29306293,8.658818,-3.2491093,3.0702286,6.7462945,-2.001854,-0.51053166,-4.542664,-6.837412
-0.33836967,-1.2179358,-0.93669856,-0.059818268,0.52703226,-5.6294756,2.868244,0.9244161,4.077742,1.579911,-0.3192973,-1.4902563,-0.6177903,-2.890729,4.642615,-3.501069,0.351268,0.93529034,3.9114242,0.902634,3.5267303,0.7548182,3.1205015,-2.5873537,3.570651,2.058082,2.8315854,2.259522,-0.17222708,0.962011,-2.2247717,-0.7806262
0.9409276,-3.461392,-4.0657454,2.95552,-0.16663529,1.9099109,-2.8174791,3.2402976,1.1320041,-1.0120351,1.7241426,-0.70474166,-1.3830719,4.7411876,2.0026724,-0.24806201,4.719851,0.7173547,-5.7723093,3.5116286,0.9669519,-4.360081,3.8523636,-0.6892265,-1.2119657,1.4046237,-2.821772,-6.8743267,2.0584064,-1.1201165,-2.0343227,1.9194621
10.0768795,-3.685143,-6.3698883,0.26175845,-1.4313564,-3.8864834,-3.3192163,-2.4295566,1.2597306,-10.284388,-0.10260866,-4.1724486,-0.7536987,-7.158124,8.640724,6.4472075,7.573431,6.0489945,0.3012154,4.5857863,11.215496,3.9511185,5.879002,-2.478018,3.933634,-7.115938,-1.3889002,3.3313541,5.9432216,-1.8939848,1.0953609,0.18562222
-0.06952733,-1.5107667,-5.3895607,-0.31320333,-2.2196877,-2.9174986,-0.03785479,-1.957447,3.3946676,-2.8978767,-1.1267154,-4.1266794,-0.032468915,-3.3680453,4.4717827,0.19473183,1.8840673,3.7837677,4.1965694,5.306836,5.433117,-0.89529806,0.6995169,-5.1731396,6.4651275,-4.5542145,3.8986301,4.6310673,-2.289764,-0.10295675,-1.9239821,-2.9835372
1.5044019,-1.3355826,-4.8088064,1.507398,-3.1076388,-4.651432,1.8190763,1.365022,3.9241555,0.2688246,-2.199008,-3.4643588,-2.0832021,-0.78044033,6.137829,-4.3717566,1.3052797,3.0049632,2.3277724,2.7194471,5.443677,-1.2103088,3.1637986,-3.2807024,4.4994736,0.7102524,2.1183167,1.1526942,-0.8451332,2.5036702,-2.6837792,-0.6012045
2.5004368,-6.9842644,-4.40263,4.4375987,-6.889675,-3.1610703,-0.32210433,1.5192361,2.2566164,-4.513705,-5.308673,-1.2345667,-1.3724697,0.6902443,-0.9354807,-4.847015,-6.2335615,1.0683154,1.5461758,4.0323815,-1.9152069,3.2196913,5.4788127,2.417703,3.2704833,-3.2275925,1.745643,0.39550796,10.79647,1.2783471,0.7746688,-1.8612641
1.3629134,-6.7606983,-4.3666887,4.622018,0.7005586,6.623781,-2.0344205,2.7920003,-0.13813484,-3.8860505,-0.53483,-1.7183375,-0.8376339,1.54092,-0.4474387,3.800264,4.0020113,2.1725292,-3.1654816,8.497008,0.45018753,-3.4030101,2.3645463,0.43615043,2.1474888,-3.0380437,-3.6420653,-1.4180088,1.9311423,-1.7408904,2.259348,-1.8628547
4.834279,-4.3823876,-6.0667725,3.470849,-1.9353787,4.1830873,-2.9653068,3.4253254,-0.96779335,-3.1522558,-1.5352896,-1.6716453,-0.26129407,3.727589,-0.7768326,1.8267324,5.18153,1.764165,-5.590122,5.275264,-0.6177053,-1.8763611,3.1831129,1.7643015,0.11545423,0.65605426,-5.2270336,-4.0451913,2.8031044,-1.4130094,-1.1484597,1.0447668
1.2450577,-0.5718272,2.707333,-0.7703304,1.1560913,-0.4240706,-1.8537607,3.2073255,-1.3060416,4.134477,-1.7264984,2.6013966,4.3100886,3.4630115,-0.99933857,-0.14358151,1.7817309,-3.2140596,-1.5448898,0.44827014,-4.4786015,0.81952363,2.4050264,2.0549436,0.78670496,8.05715,-3.6767926,-4.450142,1.0150187,-0.9522224,-3.7262144,1.1178417
2.937092,-2.1184797,-2.6580777,1.4984686,-0.2897115,-2.7985988,0.6428866,2.697667,2.3687274,1.5554938,-0.96701777,-2.4587584,-1.3877954,0.91305447,4.5203485,-1.8467107,5.7152205,-0.18675645,-1.4335369,3.3460526,2.620429,-1.2476974,4.775092,-0.8301984,0.5569571,4.2660403,-2.4883473,-1.8211846,-0.28658575,2.7814622,-2.660256,0.37993658
1.2873764,-1.4417083,1.8161553,-0.051016986,1.6710658,-2.0161898,-0.39736032,3.3117032,0.9453519,4.6645007,-0.1890562,1.1773312,1.3085448,2.2971811,2.055144,-1.3578087,3.4763348,-1.6541767,-1.400108,0.7945614,-0.62401986,-0.16644633,4.3448563,0.42398936,-0.15109277,7.0468426,-2.9633932,-3.6708984,0.8205771,0.7004943,-3.1138046,1.2748611
3.5711093,-3.926882,-2.7480352,2.38458,-1.1898866,4.0358243,-3.4469235,2.8891659,-2.9732213,-3.1090431,-1.7772019,0.5310706,2.4835923,2.6978402,-3.73486,4.201429,2.3190646,0.20462596,-3.4172325,3.17841,-3.7618837,1.3069451,-0.17539552,3.1952162,0.58765197,1.2405809,-4.1191273,-3.2522058,3.3352628,-3.5673723,-0.29572535,0.10884288
-0.9192416,-0.024245799,-0.6107664,-0.68893176,2.3194952,-1.1341453,1.569243,2.0962331,1.072635,3.1766438,-1.3108073,-0.4448583,1.0850523,-0.3650918,1.146889,-1.1376758,2.6173556,-0.2961151,2.4977384,3.8182006,0.08882925,-1.0223742,1.9165875,-1.2316349,3.8780103,5.008242,-0.7826029,2.4221969,-4.328051,1.3093226,-2.9734359,-2.2628162
0.054754794,-1.7752197,-7.467025,3.7578049,-6.5970654,-0.43827075,-5.7662125,0.80459225,0.7036145,-6.5389004,1.2524025,-1.9066216,-1.3322246,4.11024,1.1283009,-0.09578681,-0.85969245,2.7452922,-4.594292,0.17703605,2.1259227,-2.0077846,1.092973,-2.4035554,-0.50539935,-5.073293,1.8976393,-8.994175,3.7028537,-3.900504,-1.213294,2.5363522
7.7911835,-3.5645013,0.53229487,-2.4764366,1.4699124,-6.461209,-3.7878816,-4.8346186,-0.17124146,-10.53865,0.27826768,-0.2719121,5.450765,-12.7859955,4.7041054,9.535587,2.2678416,1.4908239,3.7445707,0.064222276,5.3764024,9.88011,1.903666,-0.5024036,5.7561326,-5.7408867,3.669726,5.7547116,6.9880266,-8.121977,2.3616898,0.32402837
1.0634549,-0.7296298,-4.5193105,0.2144928,-2.6211154,-4.2526207,1.6870099,-0.032484055,3.4887977,-0.43792346,-2.3114817,-3.011317,-0.92927295,-2.5467453,5.7272224,-3.5730073,0.50954986,3.5546055,3.9175,3.4931808,5.10563,-0.24487758,1.9887009,-3.774773,6.1614017,-0.87312967,3.243004,3.573782,-1.3857496,1.184594,-2.539886,-1.5540086
1.9195635,-1.2371807,-1.8571073,1.8582058,-3.9278142,-5.6411934,0.75111115,1.6693001,4.072181,0.8106697,0.042106956,-1.9039142,-1.528228,0.8860471,4.507347,-5.038078,-0.6251514,-0.21129003,0.18465623,-0.85755503,3.2697265,0.08827403,3.3249488,-1.4512339,0.55292916,1.0395074,1.8291495,-3.4564948,3.8461971,1.386433,-2.7614877,1.702533
1.5312834,-4.2345595,0.19605851,1.1802331,-3.2138014,-2.855442,0.18766657,1.5421689,1.0475359,-0.76684666,-2.8564227,0.88311726,1.0010736,0.0013596416,-1.0585546,-3.3457747,-5.2083573,-1.8649242,1.1128608,-0.3367731,-2.9843855,3.2468667,3.5425766,1.6130729,2.302833,-0.04876715,1.7232991,-1.029775,7.495137,-0.63383543,-0.7381839,-0.5329066
1.2731972,-5.039214,-1.7331471,2.7195702,-1.1728497,3.8982728,-3.5059009,1.2597237,-3.6556082,-5.385109,-0.8803166,-0.22975373,2.723805,0.9068556,-6.598189,7.062753,1.1105678,-0.91090566,-1.3557515,2.9455805,-4.3517017,2.0594418,-2.955871,2.6200204,1.3471106,-2.5179868,-0.6065262,-2.5553262,2.8173685,-5.606283,1.7129874,-1.155992
1.4573255,-3.1417205,-1.7617486,2.0311403,0.94872546,0.9886989,-1.6240526,2.892542,0.73141396,0.22157812,0.9422968,0.1415779,-0.61711633,3.2008572,1.5659509,-0.05111587,4.0691495,-0.027695164,-4.0636196,2.4445837,0.13933364,-2.5294347,3.6986966,-0.016172707,-1.1233313,2.6116662,-3.0353608,-4.7546754,2.3128026,-0.3937855,-1.4547647,1.6392491
-0.17613786,-3.2262402,-7.881411,4.3683376,-4.572247,1.5052273,-7.150715,-0.6459532,0.5968944,-8.712622,3.2341413,-2.8137007,-1.4704324,2.7017226,1.5476862,4.1916084,1.8088268,3.3170023,-5.286583,2.0894618,4.172335,-2.1349487,0.88871425,-3.4721136,-0.6829047,-8.436646,1.5962574,-9.287191,3.5452056,-5.480315,0.17160928,2.3306236
-0.028542578,-2.7040045,-0.7058957,-0.005179763,-3.8694024,-0.4658962,-2.5467105,-0.7573557,-2.0985184,-5.100341,-4.004172,1.9943478,3.3635151,-4.3441033,-2.8212032,3.4259934,-6.2991877,0.6584905,4.760229,1.6063462,-3.8979583,4.324534,-4.172391,1.1443284,7.7771063,-4.5909247,6.248889,3.9656062,3.2356708,-7.1560364,0.25792778,-4.5472207
-0.78490984,-1.0893385,-1.7056656,0.2685557,2.1270561,2.8258305,-0.8303462,3.2014565,0.02068467,3.1135395,-0.90336215,0.6594839,2.3386335,2.347847,-1.4627906,0.8576777,3.3796782,-0.49726796,-0.35556465,6.093092,-2.1872516,-2.9352627,0.5247456,0.39745593,3.0565867,4.4232006,-3.175601,0.5350043,-3.636064,-0.50503194,-2.9820867,-1.8289832
1.8045743,-3.7553184,-4.405316,3.2556965,-3.5363169,4.0659585,-3.8306303,3.4825716,-2.7751033,-3.430328,-3.3161738,0.46463835,2.41596,3.1953044,-5.4860406,3.1277728,-0.8068173,0.090756536,-1.7628247,4.3119807,-5.385785,0.73875123,-1.8172919,3.4548392,2.0963006,0.38402525,-2.2508764,-2.118196,3.32842,-3.9700103,-0.3614385,-1.6282706
-2.1170592,-1.3513504,3.095214,-2.2689123,2.019219,0.18380463,-0.31794906,0.46341497,-0.6039939,1.1357086,-0.8526407,3.8587823,3.9096665,-2.7076433,-0.47518682,1.6085844,-4.7481146,-0.38308394,4.078273,0.5133981,-1.925267,2.6979158,-0.39425713,-0.7536751,5.649879,2.1340806,3.4339838,3.4984233,0.9658796,-5.381117,-1.2187183,-2.8744578
-8.504351,-1.1406944,-5.901845,-0.12503958,-0.4892786,5.6863694,-6.2012186,0.6180438,-2.0638528,0.60582566,-0.13264567,4.7896056,6.879898,2.854733,-0.9850799,0.8556104,-7.1763496,2.582285,1.9476361,9.71866,-7.1080904,-2.011156,-6.387147,-0.06783986,10.854084,-2.5206728,2.5679972,1.2510076,-2.750555,-6.3295937,-3.8167822,-4.4990306
-16.066082,-3.3633542,-13.420611,4.6504264,-2.9907074,-1.67559,-10.379913,-7.4294624,6.694065,-10.127668,9.814212,-6.710293,2.669924,1.4564619,-1.7606319,7.112672,-0.455782,1.4834926,1.3381565,8.844663,1.295757,-7.5746813,-8.127175,-9.813576,5.120968,-18.17631,12.030548,-7.104953,-4.2355757,-6.4790535,-3.0130363,-2.9584484
